arrival_rate,service_rate,simulation_time,avg_waiting_time,avg_queue_length,utilization,throughput
1.1772902501845701,0.9917941341808176,189,31.38320134670153,39.74603174603175,1.0423280423280423,197
4.020655168041,3.8601326749922387,190,7.340483795699803,29.98996235884567,3.9,741
4.680517207992076,3.7089728875002175,60,7.804907020629144,32.41970802919708,3.8833333333333333,233
3.277726043480853,0.9596361131536951,199,67.84093507496993,225.38449848024317,1.0251256281407035,204
4.572827589765165,1.828323639967381,74,21.94096110842648,91.08544303797468,1.7837837837837838,132
4.179833203779201,5.002276319838634,100,0.5628721755310985,2.2356979405034325,4.34,434
1.3028208149538871,2.68483315685606,84,0.8676692794644724,1.328125,1.5238095238095237,128
1.2999341345910478,1.6194322152926452,105,1.8101409468197862,2.398550724637681,1.3047619047619048,137
4.981950676608961,5.137402790151732,77,1.260063021761535,5.937853107344632,4.48051948051948,345
1.0162658577489183,2.6003167207328652,190,0.2217317499713238,0.2222222222222222,0.9947368421052631,189
2.8596555496186173,2.5956512776645724,152,7.607559553467466,21.026442307692307,2.5328947368421053,385
3.1039942510924425,4.161281087588757,93,0.3937975583919359,1.091254752851711,2.774193548387097,258
2.4078461093192436,2.232508521085752,70,7.408497344883315,19.45810055865922,1.9,133
3.377915825818073,3.8444381020190437,98,0.5387787935871361,1.7515337423312884,3.306122448979592,324
4.6673875904885875,2.1553760188733166,96,21.635587913818664,115.2618025751073,2.25,216
2.1147825220183583,2.8965022655111103,66,0.4991324578425098,1.069767441860465,1.878787878787879,124
4.382357329784412,4.810704131962586,152,1.7901699724720481,7.596209912536443,4.467105263157895,679
2.458489228783038,2.170069067116428,131,5.244670695049083,14.425867507886435,2.053435114503817,269
0.9080214535343656,5.598192235362252,70,0.016347719861720802,0.014705882352941176,0.9714285714285714,68
0.6448910938741357,1.6828134287159338,156,0.1809256585274916,0.07446808510638298,0.5961538461538461,93
2.025860916161915,5.270461697956382,169,0.09432815649131156,0.18313953488372092,2.035502958579882,344
1.2283887082677234,5.1051135390959415,125,0.04884716018486937,0.06097560975609756,1.312,164
1.1064596092583692,0.8983717361005852,119,10.031644690235652,8.571428571428571,0.8487394957983193,101
2.373319464463008,0.6142693268721451,196,78.28017639061166,180.77473684210526,0.576530612244898,113
3.0400961383695533,5.230931431194699,146,0.20168270373528216,0.5264483627204031,2.7054794520547945,395
1.2601574218495213,2.0677415020415384,94,0.7827835553835736,0.9705882352941176,1.446808510638298,136
0.9442620628061802,5.863049606029195,156,0.029811036520168466,0.022556390977443608,0.8525641025641025,133
2.9973711386766753,4.271085878399618,129,0.6000943489534438,1.6809045226130652,3.0387596899224807,392
1.0939508966451714,2.850464063776991,160,0.12628045703615348,0.12571428571428572,1.075,172
4.300495430583473,5.504533767613917,147,0.6139157943443814,2.486571879936809,4.3061224489795915,633
1.2098709647028203,0.6298730544518807,178,39.3784661592054,54.48245614035088,0.6404494382022472,114
2.1117790489226094,3.7883744781193935,153,0.2545205185174849,0.5029940119760479,2.176470588235294,333
4.474989691701307,1.1396034138265634,76,30.886459089404458,126.2231884057971,1.3026315789473684,99
3.2647341068219227,5.802549006078569,81,0.3375566480824526,1.1927272727272726,3.3580246913580245,272
1.643118137788126,3.534937753152614,156,0.18729779613991582,0.2801556420233463,1.6474358974358974,257
2.6023645493558822,4.732197838892522,97,0.17007233386710008,0.358974358974359,2.402061855670103,233
2.545243826300718,4.239412672031236,71,0.5810218946302269,1.923913043478261,2.5492957746478875,181
1.9191863626367223,2.7492636857482133,57,0.5699841046220593,1.1746031746031746,2.0350877192982457,116
3.9597728222407818,1.6623308570387794,152,45.022958247961974,163.17437722419928,1.5657894736842106,238
2.1207347475553116,2.1030830165571808,94,1.1308880571792401,2.5736842105263156,1.8617021276595744,175
4.703071559399168,3.653010108356599,83,11.049002335506316,51.341207349081365,3.289156626506024,273
3.6239998228505046,1.4918825217730798,83,22.519520885413563,82.69424460431655,1.2650602409638554,105
2.917933302980733,1.933694627502423,62,8.989009057249985,21.333333333333332,1.8548387096774193,115
4.700745930930693,4.762965311284039,189,4.800682826714409,22.012359550561797,4.502645502645502,851
4.238176206559913,3.5021331517267122,124,15.320425299032738,64.82481751824818,3.4838709677419355,432
3.9067815041728586,5.70639029585429,101,0.45530889510965883,1.7460732984293195,3.772277227722772,381
4.383068103857323,3.824729860926371,159,8.623066787146243,38.6875,3.710691823899371,590
3.771095326885912,2.613705357140291,78,17.667929145049797,64.25,2.448717948717949,191
1.7131995505285678,3.985794658552977,77,0.39016312713981693,0.7258064516129032,1.5844155844155845,122
1.41690058933809,0.6396356947851787,138,37.0564040847463,53.4973544973545,0.5652173913043478,78
1.099918761492199,0.8467282988849343,124,21.52729721718216,27.2987012987013,0.7419354838709677,92
0.7554399103012859,5.106330854587411,92,0.029151880643858395,0.0,0.7282608695652174,67
1.6989740996067306,4.897726252652534,102,0.07895662036918702,0.07344632768361582,1.7352941176470589,177
0.7044937501603326,5.068777663905658,66,0.022277712896028916,0.02,0.7575757575757576,50
3.9384746852236736,4.453217741691475,59,0.36154837911932813,1.347457627118644,3.9491525423728815,233
2.0555646094303492,4.630960248922367,177,0.13590120566055583,0.2471264367816092,1.9661016949152543,348
3.950680844864314,1.3822153289356955,96,30.003616006912086,124.26075268817205,1.1979166666666667,115
2.4121464727380246,4.161819717310933,98,0.24632949128278653,0.5047169811320755,2.163265306122449,212
1.4392497217172753,0.7830521203891552,126,37.484641287570405,51.51111111111111,0.6825396825396826,86
4.285215980780187,2.3928650622807903,105,20.759882077481226,87.91031390134529,2.5428571428571427,267
4.681379420281452,5.866538383664076,190,0.7830954667240893,3.6822323462414577,4.61578947368421,877
4.965284607360043,3.589344059744217,117,11.247851478440808,51.474545454545456,3.8034188034188032,445
3.947404018316302,5.087795130307584,109,0.3798317292267707,1.2227979274611398,3.5137614678899083,383
0.5937054935329029,4.070669072648256,192,0.0356307020060074,0.009523809523809525,0.546875,105
1.872246539354228,5.679896804828481,93,0.10222344231462527,0.17714285714285713,1.8387096774193548,171
0.8971043322527471,4.916778397919795,80,0.036548609160270994,0.046153846153846156,0.8125,65
2.0323163435908587,2.3747108368646312,106,1.7866569215265418,3.4362745098039214,1.9150943396226414,203
3.4929630996145113,3.451236235268153,96,3.3211315491701336,12.8515406162465,3.40625,327
2.981725263360148,3.2251685084116826,158,4.757221214092125,15.579831932773109,2.829113924050633,447
4.423524613103831,5.573623940012991,177,0.44811101336786824,1.7986928104575164,4.31638418079096,764
4.49336382641921,2.9245383211197207,50,9.213492523020145,44.62931034482759,2.82,141
3.5392416490743246,1.0730741067275589,76,30.82409394793442,107.55363321799308,1.0,76
1.0147149958037553,5.986032915732979,167,0.04871453608272082,0.05472636815920398,1.2035928143712575,201
3.364623937892312,2.9587940751443322,154,7.074755785808134,21.430528375733854,3.1298701298701297,482
1.1320189150932074,1.816334217411685,92,0.36982634566739636,0.3069306930693069,1.076086956521739,99
2.4646291663089066,4.514243236592498,159,0.25899798980817224,0.6666666666666666,2.547169811320755,405
0.8095333465413934,3.838951908089588,142,0.025572162391020902,0.035398230088495575,0.795774647887324,113
4.201890829716195,4.713339615792707,118,1.2908445212720818,5.644268774703558,4.288135593220339,506
4.233624240230955,1.0916639427451522,103,38.43575596261038,163.29864253393666,1.0776699029126213,111
4.253767715873207,4.921172706141885,108,1.6361824962046314,7.061310782241015,4.333333333333333,468
0.8422368011297842,5.354007746657507,107,0.04476272370967722,0.03260869565217391,0.8598130841121495,92
1.7429923884116731,0.7958838015308232,186,41.52668691399478,62.4136690647482,0.8333333333333334,155
3.075663218330733,1.9440050046959803,63,9.327942582364278,25.6,1.9047619047619047,120
0.601372287562599,2.5107487876364125,120,0.11218078776651916,0.046153846153846156,0.5416666666666666,65
3.3172305099944888,1.5798129190249932,177,40.51452640417697,141.99499165275458,1.655367231638418,293
2.7640926916645348,1.8453915319279623,190,32.2079086521098,88.07874015748031,1.731578947368421,329
4.600275871126193,4.480771925753446,187,2.6687107203706595,12.27071178529755,4.454545454545454,833
1.5481334508715237,3.8930485069957723,126,0.1788920027243333,0.330188679245283,1.6666666666666667,210
4.601767823654727,2.2511937024758595,72,21.99909122856484,107.92225201072387,2.236111111111111,161
2.8043596032110374,4.330785908612134,52,0.5484386382162906,1.3125,2.769230769230769,144
1.6428650291106175,4.426847806735838,61,0.07048699374172228,0.08333333333333333,1.5573770491803278,95
2.460698626279685,4.824591034926371,121,0.15822116531642444,0.43853820598006643,2.487603305785124,301
0.7140462368446501,3.539819029217769,126,0.036988462089661965,0.011363636363636364,0.6984126984126984,88
4.236267271411952,0.6843428984792276,64,30.61631424468993,128.1904761904762,0.59375,38
4.808340440595211,0.7644773562128948,129,60.433284015699705,268.38235294117646,0.627906976744186,81
3.635186082631681,4.23997992105706,186,0.6519455793567046,2.311216429699842,3.403225806451613,633
0.9112608318900348,5.478285721195938,177,0.05181657693082446,0.12337662337662338,0.8700564971751412,154
0.9295029415711962,3.1122879005220043,199,0.19604175320268144,0.23809523809523808,1.0552763819095476,210
3.1475407117135377,3.4665282310431444,131,1.566528633515595,4.759305210918114,3.0763358778625953,403
3.948772048561667,5.656805222670004,162,0.3478499134919655,1.2388973966309342,4.030864197530864,653
1.7632948973796054,2.581095182705708,97,0.65580492491709,1.2241379310344827,1.731958762886598,168
4.063365930800474,3.0767313079875587,186,23.37578203182773,95.94986807387863,3.075268817204301,572
4.786537485826945,2.6327154475545513,108,19.83334171553897,93.42914979757084,2.7777777777777777,300
4.149984416625312,4.032686753389896,55,2.3928912053264457,9.923766816143498,3.7454545454545456,206
0.9355582309905033,4.1803434013853655,78,0.07008977787648073,0.05747126436781609,1.1153846153846154,87
4.2683034902363985,3.8696846369688984,171,12.632971056760436,56.67391304347826,3.912280701754386,669
3.347669792897051,5.1587904977735315,62,0.32085283013772886,1.015228426395939,3.1774193548387095,197
3.4302843854625817,2.403343414786649,79,13.082591241771492,53.87707641196013,2.2278481012658227,176
3.1028112844438405,3.7956358093785996,71,1.355679137602183,4.121076233183857,3.140845070422535,223
2.663667096383071,5.233695584418812,179,0.16554885496076407,0.41836734693877553,2.7206703910614527,487
0.7291316205791332,5.884852942410603,103,0.022590001990291198,0.0,0.7281553398058253,75
3.7496111058376833,2.487640199417186,186,35.62959169518748,138.45908460471568,2.3655913978494625,440
1.8377815614259028,1.2548960946810697,149,27.26209704358567,47.962825278810406,1.2013422818791946,179
3.7409106448940137,5.253485822269599,179,0.44066113118399997,1.56838905775076,3.664804469273743,656
4.695414897789783,1.1079683597720729,156,52.67633899613646,283.0820512820513,1.2628205128205128,197
0.8125443302420301,2.0018764368766493,133,0.2442968847218945,0.1592920353982301,0.8345864661654135,111
4.1384024605041105,1.6719978232210324,160,50.28715449498815,237.2975871313673,1.675,268
2.8067766272409895,3.1191078071477922,152,6.658539464645894,20.057522123893804,2.7697368421052633,421
2.9960099967154656,4.620485847569255,97,0.27914100021932914,0.8432601880877743,3.288659793814433,319
0.7098552971260726,0.9108859593946113,171,5.355644532540545,4.40650406504065,0.672514619883041,115
1.120504941813675,4.913649112897006,75,0.048851613234069204,0.04597701149425287,1.16,87
2.514499113936515,1.387384071837081,164,38.09899913254509,103.55581395348837,1.298780487804878,213
2.518213807160268,4.465655016586181,183,0.26295078806372396,0.7540229885057471,2.3551912568306013,431
2.1643233131146644,5.635009772995,139,0.11534322675960393,0.24584717607973422,2.1654676258992804,301
4.223433088183123,3.7876457542140103,86,4.60420582187162,19.083333333333332,3.9651162790697674,341
0.823310875461588,3.197491273201305,99,0.07193718424397498,0.03125,0.6464646464646465,64
4.638166491616216,1.1452917571555523,135,50.16804472776902,236.739336492891,1.1333333333333333,153
3.1965085088172995,4.466790313962048,123,0.2626075019225878,0.7341772151898734,3.1951219512195124,393
3.359894576106915,5.743868030238422,101,0.3060082962194184,0.9702380952380952,3.3168316831683167,335
4.490336223989329,2.0623418867315757,179,43.33055203357488,190.37369791666666,2.083798882681564,373
4.323853342387782,4.706604878622179,76,2.3079809206182227,9.911428571428571,4.5394736842105265,345
1.616871720214452,1.1399143093609885,158,13.00513484878978,20.313807531380753,1.2088607594936709,191
1.9798398162264061,2.6540634473501363,160,0.7941854098376737,1.3505154639175259,1.80625,289
2.9727394672692724,1.6552444076709643,152,28.454376962419047,83.3922902494331,1.7828947368421053,271
1.7914833422027345,3.9867346434170923,174,0.15285163323986087,0.2795031055900621,1.8333333333333333,319
3.272109965401458,4.121631819507234,123,0.6570775295938581,1.963350785340314,3.048780487804878,375
4.799279733996938,3.390897504246912,130,17.117347759055665,92.13312693498452,3.3153846153846156,431
2.436437733108839,4.09646968312974,185,0.5012693094019767,1.2930648769574944,2.389189189189189,442
1.6602076855987902,2.8392821620634403,188,0.6129562369303443,1.2267441860465116,1.8085106382978724,340
2.274231733028736,2.840811797106235,173,1.259987265113187,2.786764705882353,2.352601156069364,407
3.126339315506239,4.111692794962305,119,0.32944514158612787,0.9436619718309859,2.966386554621849,353
1.69313381680843,4.738211865381723,141,0.06297079222048878,0.08849557522123894,1.6028368794326242,226
1.495286013530501,2.1683631894514925,92,0.2805440023778231,0.2543859649122807,1.2065217391304348,111
3.588689735913141,3.0037923016565675,188,19.87035448292242,66.09388971684054,3.026595744680851,569
3.7198591076464083,2.5203984207137853,69,7.443551183344881,27.1375,2.5217391304347827,174
2.9792903345577537,5.706772886077612,109,0.1690778346052306,0.47112462006079026,3.018348623853211,329
1.0657791098299814,4.353466024548848,137,0.10134271160984262,0.12962962962962962,1.1824817518248176,162
1.70094715579548,1.641612801749909,139,3.352964089027281,5.268398268398268,1.6618705035971224,231
1.7258341674025885,4.950874307077689,95,0.12148639022650884,0.22151898734177214,1.6631578947368422,158
1.1647992305270913,0.9094358306347403,148,32.302476532710344,37.661458333333336,0.9256756756756757,137
1.4069498653243842,3.8364712799301626,92,0.18332234663816058,0.2032520325203252,1.3369565217391304,123
4.265962494395611,4.668186470737245,80,2.283210437957022,9.463343108504398,4.0125,321
4.66279251733111,5.115059443254821,196,0.826324945342062,3.523542600896861,4.505102040816326,883
3.1920417440057767,5.176687305921523,200,0.3152369020974529,0.9183673469387755,3.175,635
2.0080416836405983,1.842732158128594,87,4.095247876059968,8.144444444444444,1.8735632183908046,163
4.6930896146575,2.1358492404451224,138,39.0459054171564,168.83360258481423,2.0652173913043477,285
0.8539616385387869,1.9511941702251043,151,0.2208426912976548,0.096,0.8278145695364238,125
4.175228763320367,3.7667853951833403,146,7.80587930958513,32.076422764227644,3.8767123287671232,566
2.8593974564677835,1.7986836412864853,65,14.185259276510953,44.628865979381445,1.6307692307692307,106
2.3272706719285594,3.9336841394089292,80,0.28045003906868776,0.6117021276595744,2.325,186
3.7541591230385096,1.1875166238556272,71,23.583093344964226,90.89492753623189,1.295774647887324,92
0.8385986439836712,4.979984268252408,115,0.03127471813282261,0.0425531914893617,0.8173913043478261,94
1.7756101981320742,4.958573416757638,68,0.11470885180790374,0.14754098360655737,1.7941176470588236,122
2.258147394586736,2.2547446925994454,161,20.265493548175286,44.32984293193717,1.9937888198757765,321
2.7023767382533843,5.84676829274894,191,0.09397768172283853,0.20127118644067796,2.4607329842931938,470
4.380313874911174,3.35201128118384,98,12.58098170868659,59.690582959641254,3.2551020408163267,319
1.5956794293440564,5.170907756274171,89,0.05607788898436361,0.10236220472440945,1.4269662921348314,127
1.634101044782102,4.278135321103782,178,0.12617468014877334,0.1779935275080906,1.7359550561797752,309
1.4382556631779542,4.882472521146779,173,0.055935633373542536,0.10204081632653061,1.416184971098266,245
4.160217345396261,4.784031435800779,198,0.7457222930329265,2.9482120838471024,4.08080808080808,808
1.633769521653786,0.6726562019714633,94,22.20281113920797,40.45323741007194,0.5319148936170213,50
0.6344453777980779,5.412166538041258,177,0.019634998916601813,0.0,0.576271186440678,102
4.018922055491863,2.714005871010112,57,7.322631779068995,28.425925925925927,2.6491228070175437,151
1.9017668239075056,3.290750620445286,154,0.30535839900013234,0.451505016722408,1.9090909090909092,294
4.405560341790357,3.8534872276236602,67,3.9969838127004227,18.578014184397162,3.4477611940298507,231
1.9320008748112527,2.9461928362832603,53,0.4581339927765629,0.6666666666666666,1.8679245283018868,99
3.7075477569236286,2.6887896373916793,186,21.76761573616705,88.6490727532097,2.693548387096774,501
2.8309573006841693,3.7809384619519157,107,0.4577412121125305,1.281456953642384,2.803738317757009,300
1.489082344848324,2.9605567947900298,95,0.5342300712418885,1.16,1.5789473684210527,150
4.868779674630628,1.464441771188576,164,61.62296147741872,289.159756097561,1.5548780487804879,255
4.215779799483007,1.8022540239612255,65,18.60221832259907,94.21035598705501,1.7076923076923076,111
4.249481053629175,1.6644964307346162,120,35.58096647033685,164.8,1.5833333333333333,190
3.371399169041175,4.013517315077605,174,1.0659790877213782,3.563667232597623,3.339080459770115,581
0.5133191935980911,1.100397518975133,173,1.9917449696666196,1.8854166666666667,0.5491329479768786,95
3.698218674152576,5.404470333146668,141,0.3843629227220627,1.725177304964539,3.950354609929078,557
2.5483017037145026,0.6699680398205228,135,47.849449070519704,126.75783475783476,0.6592592592592592,89
2.226613843508787,3.3427646787647225,85,0.30214258656018605,0.6324324324324324,2.164705882352941,184
1.192026543092378,3.4577658990358047,72,0.060635560864569595,0.044444444444444446,1.2361111111111112,89
0.7778298407417954,5.357341176511974,193,0.020636539771534783,0.015503875968992248,0.6683937823834197,129
4.095108222506049,1.7426001232869268,154,37.132009353621896,154.99507389162562,1.8506493506493507,285
2.0752267424224984,4.490766179763255,94,0.2401172279905346,0.4479166666666667,2.0425531914893615,192
2.0944857498975,4.168990591568587,186,0.2559053184826337,0.5282555282555282,2.182795698924731,406
1.6625156384237803,3.3443782210969437,115,0.24857695830285806,0.3592233009708738,1.791304347826087,206
3.1635839984359517,2.645571069685797,89,3.234653953824371,8.183266932270916,2.707865168539326,241
2.0808129273685836,0.9446356558493109,168,39.14649872821856,77.5875,0.9404761904761905,158
3.016713008331181,3.1705969599028037,62,2.0527992499042926,5.854166666666667,3.0806451612903225,191
1.373617575581812,3.4896712914218355,183,0.14633491193095635,0.1598360655737705,1.3333333333333333,244
3.637332323273408,2.588601153588332,153,20.492308126845877,69.32911392405063,2.7712418300653594,424
3.2032206827878626,4.093916704447063,162,0.7998577168778017,2.5613026819923372,3.185185185185185,516
3.2652672248888384,1.6760791841238412,158,45.004737009353526,146.30426356589146,1.4367088607594938,227
2.863529993803953,3.027884685254395,69,3.908843635834992,11.639423076923077,2.971014492753623,205
1.2243723355757457,0.8249085692428209,184,39.39630015939345,42.426008968609864,0.8260869565217391,152
2.5990658880623076,1.2522401220517207,78,17.415641883663685,44.32,1.3205128205128205,103
4.199875308303718,2.484157333358146,117,22.709205107831348,93.19635627530364,2.7606837606837606,323
2.1318554469185527,3.5190641371237974,134,0.49945718582810716,1.1355932203389831,2.201492537313433,295
4.45685659363639,2.7909320208322126,84,9.007019179975519,41.84153005464481,3.142857142857143,264
0.5884075888463179,3.522426434635914,140,0.13194399091417952,0.1125,0.5714285714285714,80
1.3557161515825458,4.736763109748746,110,0.12118731983077466,0.21710526315789475,1.3727272727272728,151
1.3229654277842733,3.2798336341917276,91,0.1856991228087852,0.23846153846153847,1.4285714285714286,130
3.4027652800977912,2.476746634080961,88,9.306340876429303,26.91304347826087,2.647727272727273,233
3.724046794595351,2.908760871800643,108,15.49991223877149,50.69113924050633,2.962962962962963,320
4.683180915788995,0.7438716538944552,83,36.79896957564436,181.55529411764707,0.7710843373493976,64
1.2333392962372505,1.8656111606915684,194,0.6559536946162436,0.6533333333333333,1.1443298969072164,222
4.842903450319325,5.846109614369174,195,0.6572061655644,3.586393088552916,4.605128205128205,898
0.7712044099497279,2.665712969654945,136,0.10081556359302285,0.08,0.7352941176470589,100
2.260899268512948,1.1102305160928307,153,18.888035718681706,41.053333333333335,1.3333333333333333,204
2.285321327947282,4.084454945382895,185,0.42185623159644553,1.0235849056603774,2.291891891891892,424
4.274374206470247,2.4680493161013297,159,31.45679213583254,145.17123287671234,2.647798742138365,421
1.2412874166315795,3.8456060708698936,200,0.11802766987215375,0.17269076305220885,1.245,249
4.873267772317739,3.8743652597722784,171,16.858985385216602,75.8023106546855,3.7076023391812867,634
4.484586212128639,0.8766960565525104,110,42.4161138180949,194.99795918367346,0.8545454545454545,94
2.842031583943125,3.149894648022925,190,2.239167440234448,6.115009746588694,2.6473684210526316,503
2.211289373109957,5.172823436583806,192,0.1344899986838332,0.3119266055045872,2.2708333333333335,436
2.091687498256639,2.099936227811517,99,2.2741881652002482,4.456730769230769,2.0707070707070705,205
0.8641191245051657,2.7664776007192784,144,0.13682685046103218,0.11194029850746269,0.9236111111111112,133
3.0845240962182396,4.349970833107963,196,0.4891231145055431,1.4525043177892918,2.9285714285714284,574
1.7752640723413888,1.4296920255851653,181,9.591421344456132,19.851963746223564,1.4806629834254144,268
1.1011278852374917,5.497116384992037,157,0.04303608548735461,0.03508771929824561,1.089171974522293,171
1.3492319910004795,3.8111974001030005,194,0.10569439478371771,0.0794979079497908,1.2268041237113403,238
4.203579431412394,3.106596145620614,106,15.162807891434237,58.48661800486618,2.7169811320754715,288
4.251745667504878,1.7941587332883167,170,44.40981547427204,185.8919708029197,1.8235294117647058,310
2.5670688864107105,5.790155251131921,149,0.1348069293096024,0.3059125964010283,2.597315436241611,387
3.83861557402607,2.2760122439793022,107,20.420303592121854,78.57457212713936,2.364485981308411,253
0.9556031682711555,3.9777990851568275,137,0.15114043346599523,0.1619718309859155,1.0291970802919708,141
1.1230197447854104,2.092634403936902,104,0.3630372249449238,0.359375,1.1923076923076923,124
2.8348760129937265,2.60753397992639,172,7.9026986904514285,20.948387096774194,2.4825581395348837,427
4.5306830311618755,2.70075958176546,92,16.94299617604167,83.87935034802784,2.8152173913043477,259
2.390715359249681,3.2318431928952447,141,0.8457746696740254,1.8453947368421053,2.1560283687943262,304
4.836977710012201,4.3496524768942475,106,5.452338171292488,29.159392789373815,4.226415094339623,448
4.476617751667794,0.6045189235539681,122,51.55024692122771,246.6274165202109,0.6147540983606558,75
0.6437966957931617,0.6509871955768226,159,1.8922896055448495,1.08,0.6226415094339622,99
3.8846918613828247,1.4803096855955744,160,49.26982005544958,189.65916398713827,1.525,244
0.5049490767590523,1.8820447561365983,118,0.09896902827274442,0.015625,0.5423728813559322,64
1.994336131961401,2.779261241036843,75,0.6197889616778202,1.1360544217687074,1.9466666666666668,146
2.2762368077238784,5.019283863517193,54,0.09893230500484294,0.24545454545454545,2.0185185185185186,109
1.73376079821535,4.717616489598039,78,0.10593454183248871,0.20437956204379562,1.7564102564102564,137
1.403589574789699,2.369271409969765,146,0.4610667048985934,0.7064676616915423,1.3767123287671232,201
3.6153892903253912,1.9728404525129526,57,11.895208231528951,38.88659793814433,2.0526315789473686,117
4.574579876110626,2.6716374654230437,185,40.75975540060806,184.99649122807017,2.6594594594594594,492
4.497660305095319,1.5530655388589958,107,35.27906153056819,154.5433403805497,1.5233644859813085,163
0.9275407767234897,4.658250508106905,183,0.05727008453266126,0.06097560975609756,0.8961748633879781,164
1.049641209768712,3.026551723821135,110,0.1815329208020111,0.14150943396226415,0.9636363636363636,106
2.3952257877710332,2.815623540747207,104,1.2019728294228156,2.7468354430379747,2.269230769230769,236
0.8879143286478359,0.9312158251105277,150,4.571948296716099,4.159090909090909,0.8066666666666666,121
0.9209402250701534,5.737287940382747,159,0.034844097468703684,0.027210884353741496,0.9245283018867925,147
3.2676279879408754,2.2103432244442085,88,15.789538915269251,51.303030303030305,2.25,198
1.3701863115910535,2.3686921687957514,88,0.40749478113336396,0.5853658536585366,1.3522727272727273,119
4.920183639388367,0.7310719708682225,119,48.38185479683861,239.98799313893653,0.8151260504201681,97
4.006508892677818,5.4326633131245075,83,0.21915513449630086,0.7035714285714286,3.36144578313253,279
4.112111748983371,1.79188376514742,81,21.437483512643446,88.88787878787879,1.7901234567901234,145
1.507847972945702,3.5710621216971465,153,0.16666415774410798,0.29831932773109243,1.5490196078431373,237
4.41168623219355,2.955014189540507,123,21.315654078152004,99.18021201413427,2.869918699186992,353
0.6070965186657793,2.8747260440354636,190,0.17805374051076445,0.0847457627118644,0.6210526315789474,118
3.2539357516938523,5.436333816161101,101,0.33054833249245225,1.0704225352112675,3.504950495049505,354
3.9425626356993146,5.389350367221671,51,0.38134868454783316,1.4684210526315788,3.627450980392157,185
1.9393587028348638,5.743586848816429,200,0.09786586050750497,0.23620309050772628,2.265,453
3.989124470956612,5.510405967528654,164,0.4959167138577714,2.0,4.030487804878049,661
2.357923482687432,1.5824899362661213,70,12.261562803801015,24.30666666666667,1.5571428571428572,109
4.815894466403066,4.280336987987764,64,1.7010122745377303,7.304635761589404,4.5,288
0.9721415862722181,2.065286402961297,157,0.2280904742539921,0.11688311688311688,0.9808917197452229,154
1.5155177552174028,2.3340577628637886,167,1.0358033807929223,1.6885245901639345,1.4550898203592815,243
4.986646776519826,4.722897447112124,124,9.45945721897077,44.01976935749588,4.443548387096774,551
1.6993584468240281,1.1325925899429983,196,28.389787885075254,40.20327868852459,1.163265306122449,228
1.2024549883278812,4.891168350407004,125,0.06675804459331243,0.08609271523178808,1.208,151
3.166066785576264,5.733296453947551,54,0.15296653149346848,0.5170454545454546,3.2037037037037037,173
1.1896396535615776,4.2403359837539165,193,0.09339447198403504,0.11693548387096774,1.2849740932642486,248
2.7475564016697995,0.9131231477630048,70,24.599061301953217,72.17703349282297,0.8571428571428571,60
4.39179876972973,5.140927515251642,113,0.5636197408519614,2.315682281059063,4.336283185840708,490
1.839014670082285,5.090463419594054,95,0.09578686430074781,0.1631578947368421,2.0,190
4.369374982850509,4.515670435574521,138,2.641071410265878,11.392092257001648,4.369565217391305,603
3.2002798011173805,2.211684598198722,158,20.233823437983535,66.33061224489796,2.2278481012658227,352
2.2003422522182636,3.617832895641317,147,0.3965346174212617,0.9036827195467422,2.3945578231292517,352
4.299666293229315,5.974284396561588,153,0.27994674321257146,1.1441578148710168,4.30718954248366,659
1.3401555056753915,4.5357931951151595,152,0.15135761980768367,0.27411167512690354,1.2960526315789473,197
0.6633218436915272,1.3022058360034028,179,0.4633446313711923,0.41379310344827586,0.8044692737430168,144
4.0772978542009275,1.7353412426915504,92,30.063052141090424,120.03149606299213,1.5217391304347827,140
3.0811396176959986,1.6912393443717542,134,33.207502137566856,105.19907407407408,1.6343283582089552,219
2.1102704802600876,3.786951438727674,105,0.3914476106571438,0.6883116883116883,2.1904761904761907,230
3.681594760015564,0.8846369539319766,174,64.82166949090737,240.01746031746032,0.8563218390804598,149
3.112753797972918,3.23943742420986,136,3.6748785171006757,11.573732718894009,3.176470588235294,432
2.6835119700307297,3.8354245593466585,171,0.3452498776429358,0.8266978922716628,2.491228070175439,426
4.889359760717959,3.6194060640647487,125,13.483010522942125,65.63833333333334,3.632,454
4.326874165891127,2.478490064768054,62,12.077457822904265,49.90871369294606,2.2580645161290325,140
3.574035227643976,3.151509767837809,126,15.209151528178008,56.901467505241094,2.9126984126984126,367
3.0802533510815295,2.5177354502808567,61,3.2275946989038196,10.333333333333334,2.6885245901639343,164
2.8996283833769945,1.9742211798042644,76,10.516273505608813,31.068493150684933,2.0,152
1.7718349953501553,0.9032913296382037,59,19.43703349496643,32.873873873873876,0.7457627118644068,44
4.004745027423834,4.863720056007544,179,0.8256057412938981,3.251034482758621,3.983240223463687,713
1.113215795880626,5.515627437064471,98,0.037719628361826546,0.01834862385321101,1.1122448979591837,109
4.932292045115881,2.0118473206112455,71,19.909802352936264,99.56213017751479,1.8028169014084507,128
2.6554150230408244,5.033583445055349,82,0.18571504078311069,0.4918032786885246,2.975609756097561,244
3.175681443119036,3.524855754565535,136,2.4669267383025195,8.049295774647888,3.051470588235294,415
2.417151127612566,0.6268608510409928,181,53.18939969102944,142.7058823529412,0.574585635359116,104
0.8102155271141287,1.9866863199725096,152,0.17619251819963774,0.16326530612244897,0.6447368421052632,98
3.842117265456741,3.6824126122128007,61,2.855517660662267,13.03968253968254,3.557377049180328,217
4.6165123716542125,3.602307201870429,121,16.47503645596521,78.45759717314488,3.371900826446281,408
2.294085819986985,3.302529353713543,142,0.4878411573151114,1.0546623794212218,2.147887323943662,305
4.500944423388786,5.928675377155574,99,0.7791022759955778,3.744136460554371,4.6767676767676765,463
0.5282253454018742,1.0362775992803621,70,1.615586197694312,0.8409090909090909,0.6142857142857143,43
1.0999628749490145,0.9009980346932158,118,13.216987751587757,25.033557046979865,0.6779661016949152,80
3.671956305721776,5.239435858718247,109,0.3682986560297431,1.2140992167101827,3.4954128440366974,381
4.068940607344299,1.3941730278664148,70,25.08146018311394,123.60416666666667,1.2285714285714286,86
4.939621771823738,5.61833927604984,145,1.1633432451024446,5.824161073825503,5.096551724137931,739
4.41237270904751,3.5147343959918187,158,13.53643096508063,55.4962852897474,3.4936708860759493,552
1.2219721644002277,1.687289828215865,132,0.42027623381272966,0.3624161073825503,1.1136363636363635,147
0.809339100857126,4.8384017165764455,122,0.05286202884706606,0.02857142857142857,0.860655737704918,105
0.9582782129853944,0.8878928209878773,137,9.673390596945449,11.10948905109489,0.7591240875912408,104
1.8897845011783176,2.279977350424256,67,1.283326353079685,3.0,1.7462686567164178,117
3.4356896765662777,4.3292209827231725,160,0.8970937215955196,3.1385435168738898,3.44375,551
3.465342696844364,3.355209641585637,130,6.198395189377449,22.617521367521366,3.223076923076923,419
4.263804095954301,4.434692212584218,127,4.396658284686283,18.239436619718308,4.346456692913386,552
4.664012055595906,5.772746333715136,180,0.6240242899150038,2.7592814371257486,4.627777777777778,833
0.5438368330413841,1.8207584377627755,119,0.12702389738132508,0.07142857142857142,0.46218487394957986,55
2.7324596340295395,2.862545033715634,137,4.307212666923558,11.102702702702702,2.6861313868613137,368
1.4701053738722172,1.8411545727224374,102,3.2169630762132533,4.614906832298137,1.4901960784313726,152
2.707387155779501,3.1694874455361792,196,1.4314046425141393,3.7988614800759013,2.683673469387755,526
0.8460562539333305,5.305619718369,137,0.02752921742287313,0.009259259259259259,0.7883211678832117,108
2.9500835178936518,1.5047559007081595,51,15.81314578471596,38.255172413793105,1.6666666666666667,85
3.3911690227434454,5.514839509757649,100,0.1558430965499495,0.41389728096676737,3.3,330
0.5214688128139853,4.202006776229998,53,0.02410281433410624,0.0,0.6792452830188679,36
1.4670833207690999,4.154985312795415,195,0.16189110056760062,0.2753623188405797,1.405128205128205,274
1.4389873492357188,3.538502081214415,97,0.17135811927902506,0.2608695652173913,1.4123711340206186,137
0.9300183627379295,4.395984659951255,114,0.060972565299935895,0.044444444444444446,0.7894736842105263,90
3.3813332162341116,1.3884455905884443,101,31.449096498640856,110.79369627507164,1.2277227722772277,124
2.746294815861253,1.4765923045034046,149,34.11480370619263,94.05867970660147,1.4563758389261745,217
3.3658172051827173,0.7134008381070323,131,52.701721725542285,169.50714285714287,0.5954198473282443,78
3.1154402047914718,3.3099256391593674,142,1.0828721189342116,3.2569444444444446,2.943661971830986,418
1.7825013318466567,1.9963726951736853,150,1.254742116006985,2.395348837209302,1.6066666666666667,241
4.886808363204505,0.6033110404498205,162,71.24496888499203,341.2884371029225,0.6604938271604939,107
4.234623778630154,3.3624325186587116,124,12.361422654689447,56.1635687732342,3.3225806451612905,412
0.5377411323654684,5.13688421513808,133,0.012292578148805688,0.0,0.45112781954887216,60
4.130362980126913,1.4705369894142195,146,43.4010441138134,178.64367816091954,1.7534246575342465,256
4.9757317326796,4.722436987151838,181,1.8681841554854364,8.340425531914894,4.6740331491712706,846
4.639596587500975,4.397448106350904,108,11.610780434213577,53.0,4.361111111111111,471
4.66517936807314,3.655458668461344,60,7.204033748581719,32.902877697841724,3.55,213
2.501874990552661,5.116894041770259,189,0.20873108971245738,0.4968421052631579,2.513227513227513,475
2.1209865197189304,3.52134823316954,159,0.3766449875951362,0.9507246376811594,2.157232704402516,343
1.0816995202449446,5.048362222266838,139,0.027198250505144007,0.018518518518518517,1.1654676258992807,162
1.7982348340889853,3.384345307826201,116,0.17480651811456607,0.2,1.4655172413793103,170
3.145211835230215,3.2649314270092655,121,1.1714108301548614,3.620967741935484,3.0330578512396693,367
0.696747461681607,2.9673950597504484,162,0.05036802621575835,0.008264462809917356,0.7407407407407407,120
3.989653136278711,5.381295309553211,124,0.3226158205241138,1.2280334728033473,3.8548387096774195,478
1.46270833063717,3.071419146954535,171,0.2868515612213206,0.47297297297297297,1.2982456140350878,222
4.361614936957519,2.848967303807297,186,33.269295064560374,141.94684796044498,2.8978494623655915,539
2.5215421564975737,5.10594735597817,101,0.29741598487823784,0.6602316602316602,2.5544554455445545,258
3.4613057689251057,2.1318348465278376,178,35.274506254102576,116.32784184514003,2.157303370786517,384
3.364182149024208,5.617024988113085,135,0.41181791652924143,1.4663774403470715,3.414814814814815,461
3.4561028720637856,4.129380206841361,192,0.8852316948317184,3.143465909090909,3.6197916666666665,695
2.9719034679485086,4.4421120075697225,143,0.3751512049350902,1.1270588235294117,2.965034965034965,424
4.46572482212455,0.7014801293803997,176,74.49756327955734,354.03966346153845,0.6875,121
1.9068510802650245,4.41774829875531,191,0.17384605793829336,0.3575418994413408,1.87434554973822,358
4.590795431074366,4.188451990098637,175,4.452652694142488,21.242574257425744,4.274285714285714,748
2.7528563788530325,2.1297329170379546,175,21.38465169774997,57.937369519832984,2.0628571428571427,361
4.273085088958009,3.4788317468388468,167,17.105461623498396,72.13370473537604,3.461077844311377,578
4.7892751899542105,3.255016856662803,82,11.620481074899736,52.97831978319783,3.0853658536585367,253
3.7017695770193617,5.887215605756795,78,0.3965090195559269,1.6938110749185669,3.923076923076923,306
3.6820725125103704,5.244331241771716,187,0.5215498008393512,1.9034175334323922,3.5989304812834226,673
4.897734141127909,1.7156046336472452,182,52.11746580245983,264.3977142857143,1.8131868131868132,330
1.0816926650499201,4.248492696821853,106,0.06957459601892368,0.07758620689655173,1.0943396226415094,116
3.010019638071126,0.9214505781401987,153,57.112472175400946,178.46341463414635,0.9281045751633987,142
1.5235402703007082,3.390487671570452,75,0.2540229587570131,0.3700787401574803,1.68,126
1.818776525701677,4.294464483867338,180,0.1697369857794991,0.2765957446808511,1.8166666666666667,327
3.333795944106183,2.076087010875584,70,11.713352514810182,37.55364806866953,2.2857142857142856,160
3.8186327725930074,3.224411269819184,183,23.726229582062604,88.83356258596974,3.1147540983606556,570
2.9568048593347145,4.459274291894396,75,0.42357002964098894,1.1658767772511849,2.76,207
4.760726020934181,1.7224080212620079,82,26.382791465532886,110.51734104046243,1.451219512195122,119
2.6263843281409875,0.6725290058245158,189,62.908796535698556,195.65464895635674,0.6402116402116402,121
2.499460254031275,1.979346595895711,129,6.266931320407736,14.41891891891892,2.0155038759689923,260
2.1313720989172857,3.130798934463881,138,0.6631535906126735,1.39375,2.3115942028985508,319
4.6638933650698275,4.067938713897708,158,11.188989448851213,49.327823691460054,4.056962025316456,641
2.4351735755029793,1.6482226670196485,187,36.275413047629826,89.8056768558952,1.4331550802139037,268
2.7960446584508487,4.907959365872399,166,0.17499945956897503,0.40375586854460094,2.5602409638554215,425
0.9246368387357933,1.5473343638889414,91,0.6681903481046028,0.6521739130434783,0.989010989010989,90
2.371242102779857,2.8715659875919632,68,2.6428591269892787,7.119318181818182,2.3676470588235294,161
2.0985353406991702,3.293507650637513,75,0.4278236001039059,0.9798657718120806,1.9866666666666666,149
3.170925658156414,2.4043249669287823,159,22.07358238629709,64.82758620689656,2.3962264150943398,381
4.95108408137036,1.6368873693361934,167,49.8076633906339,243.33630573248408,1.688622754491018,282
2.9393677280632864,3.917414647144438,65,0.30472566060676504,1.072538860103627,2.8153846153846156,183
1.4402823210197848,2.262749191600844,150,0.37943051985687637,0.39195979899497485,1.3266666666666667,199
2.948485560929832,3.080908148332504,66,3.960260358581328,10.393617021276595,2.742424242424242,181
3.2762496699282155,3.5386126184219004,98,0.7101925830199303,2.0761904761904764,3.204081632653061,314
3.799790733649961,5.9366192552852555,80,0.26844434661918165,1.0357142857142858,3.8375,307
3.299166905558145,2.973224524031105,73,1.2989698741687066,3.4170403587443947,3.0,219
0.8013880297735785,2.1701291711616,113,0.2795648033512595,0.17567567567567569,0.6283185840707964,71
1.461348067654904,3.64510077534183,179,0.21503207787110298,0.3248175182481752,1.5251396648044693,273
1.2248894926814315,2.6146280174112833,169,0.19406929026839762,0.2107843137254902,1.2011834319526626,203
2.2784026618902296,2.987639277994989,120,0.46016209243306705,0.8725868725868726,2.1333333333333333,256
1.5270270323446602,4.8700668676978305,133,0.11749654311192065,0.18357487922705315,1.556390977443609,207
3.6472732837372606,3.8399582887355708,101,2.3944798564844585,8.481894150417828,3.4554455445544554,349
4.805164605278916,1.118313827931129,57,18.59476647431924,114.28246753246754,1.1929824561403508,68
1.4884554017796154,1.0125785967637049,77,8.4848330017992,19.39047619047619,0.7012987012987013,54
3.5760939820608844,0.9942359287732789,66,16.16325708468912,71.52742616033755,1.196969696969697,79
4.043668619769779,2.622367779606698,109,21.274038743793827,88.79609544468546,2.522935779816514,275
4.425865901490219,1.3351537952212436,145,48.08237632628009,220.8542944785276,1.3724137931034484,199
3.647864134458483,1.9989564863915068,154,36.579809138810155,139.05872483221478,2.1363636363636362,329
2.4969367316815667,3.0343654888654474,94,1.8471731848801365,5.2463235294117645,2.893617021276596,272
2.5281426078083804,1.7634323275631263,184,25.288281007267567,67.09649122807018,1.6576086956521738,305
4.468178416679978,2.3900111657421794,82,17.715486452860382,88.07323232323232,2.6219512195121952,215
2.5941923895228145,4.100913553739017,86,0.34849761421771586,0.8348214285714286,2.5930232558139537,223
3.958127066276178,4.239503072105131,166,1.558707581586037,5.804992199687987,3.825301204819277,635
3.83314439841591,1.207418286088764,184,73.57571503248526,257.88422575976847,1.0434782608695652,192
3.483915156423291,2.0912133104553208,200,32.746770820379886,112.72687224669603,2.215,443
1.065342268843939,2.436382089977481,53,0.38992970429452184,0.46938775510204084,0.9245283018867925,49
0.700829293414666,2.576769119387271,58,0.05776192006112572,0.02702702702702703,0.6379310344827587,37
1.2075789408727302,3.801779881032912,126,0.15074582645093454,0.15483870967741936,1.2301587301587302,155
1.5022716884391882,5.97509313915946,87,0.05122693636756523,0.06015037593984962,1.528735632183908,133
0.5286586480298145,5.5492358175165775,60,0.007422696100056231,0.0,0.5166666666666667,31
1.7624467971964224,3.5094015366768367,102,0.2359599452879243,0.37777777777777777,1.7647058823529411,180
0.7643295321650738,5.690544891021342,148,0.019948971658165972,0.018018018018018018,0.75,111
2.228108261271041,1.1362392907093093,199,45.12361843983558,108.47640449438202,1.0804020100502512,215
1.2999662923826303,4.385669887852439,170,0.08374397465369836,0.11961722488038277,1.2294117647058824,209
0.6581675523363868,5.890920162331244,182,0.026416092424227756,0.03676470588235294,0.7472527472527473,136
3.287294272627993,5.635865315591756,67,0.3006690756496596,0.933649289099526,3.1044776119402986,208
0.5201362819734969,2.302969655936144,92,0.22099182213368268,0.17647058823529413,0.5543478260869565,51
3.162141888169218,2.276920396159688,115,14.28716781406944,51.46556473829201,2.0521739130434784,236
0.5005196713597484,1.0268627678079632,145,0.5360570314780412,0.14583333333333334,0.3310344827586207,48
1.488234618550421,3.042901312774738,66,0.5540406571644588,0.8585858585858586,1.5,99
4.368348396885691,5.479812071961222,194,0.5349548009490789,2.4444444444444446,4.365979381443299,847
2.979368892087155,3.6296182864147464,98,2.181961856786985,7.016447368421052,3.0918367346938775,303
2.0873588299012527,4.225993402855293,109,0.24717054317050288,0.4495798319327731,2.1743119266055047,237
4.49582235238194,2.00935920495934,141,37.43081041087757,175.98130841121494,1.9574468085106382,276
2.68718729196077,3.067974619557972,59,0.7068783666127401,1.5657894736842106,2.542372881355932,150
2.644329319130245,2.389834634843779,90,5.444454717318254,13.535269709543568,2.4,216
2.5479441752020424,1.5475438600531912,83,21.66290781418509,50.06341463414634,1.3012048192771084,108
3.5647548943782423,4.316218779123719,140,0.7059231971175416,2.5177865612648223,3.5642857142857145,499
0.7950195250852592,3.4855344325424453,51,0.10256807265365167,0.029411764705882353,0.6274509803921569,32
2.90401829338132,4.605555609172716,73,0.4759091138488721,1.4142857142857144,2.780821917808219,203
2.018726362501037,4.170933916769252,177,0.23371945102388403,0.4533333333333333,2.1186440677966103,375
4.48166712115544,1.9655831716602274,60,15.73799323967028,68.18326693227091,1.8333333333333333,110
4.305701325313347,5.036172303052207,113,0.6347875986470313,2.6030701754385963,4.035398230088496,456
1.2545811392289914,3.8565646286866984,129,0.14603219953378113,0.1402439024390244,1.2713178294573644,164
3.1331998463965074,5.432416050952353,103,0.3645668892864908,1.0275229357798166,3.145631067961165,324
3.4872439183443715,2.263192324769679,95,14.812338035593868,55.18768328445748,2.3263157894736843,221
2.548969464192241,4.150837571467586,75,0.2506402198700507,0.616504854368932,2.7466666666666666,206
4.293282706057163,5.316190550886743,187,0.6741978810256888,2.761966364812419,4.122994652406417,771
4.285665829255413,2.0010478981278945,169,44.515431065053086,180.88439306358381,1.952662721893491,330
2.1827008091993623,2.4678108620491495,187,1.3002901936468843,2.7297979797979797,2.090909090909091,391
2.7539795398533276,1.2165586377278348,102,30.47007291252401,76.09420289855072,1.2352941176470589,126
3.849242919205529,2.121093885067162,192,36.81798878716015,147.3967168262654,2.1770833333333335,418
2.617620494615199,4.185787362983009,73,0.31069185690590406,0.5873015873015873,2.5616438356164384,187
2.737738758435723,2.530071626632037,86,6.633697931869904,18.50602409638554,2.395348837209302,206
2.305004178306005,5.808580302060186,114,0.1253008615734382,0.2379182156133829,2.3508771929824563,268
3.0319360198609915,3.6306684824403685,59,1.945427868707826,6.972972972972973,3.1016949152542375,183
4.631593421579994,5.416317802224396,133,0.6621518446927555,2.7042735042735044,4.37593984962406,582
3.857123230835234,3.721885671846842,99,1.4956596114299696,5.336986301369863,3.5353535353535355,350
2.0585630812746043,4.778769482763196,164,0.16196678548672291,0.31741573033707865,2.1707317073170733,356
1.9625426672208577,3.2160313007607795,178,0.5299658370451077,1.0904109589041096,2.039325842696629,363
2.906724181467393,3.2883785701976405,95,0.9592245885979793,2.4982078853046596,2.9368421052631577,279
1.6765307987721558,1.4337376156497306,97,9.676011659616739,14.10135135135135,1.2164948453608246,118
2.315350419428122,4.287470850034406,96,0.16326331484013798,0.37089201877934275,2.2083333333333335,212
2.051487937306299,3.7841912665899535,114,0.3669049528149682,0.6814516129032258,2.175438596491228,248
0.9859870581817038,4.880889414006124,151,0.08751465369743824,0.1037037037037037,0.8940397350993378,135
4.150774980533272,2.1593249528495875,196,43.999185721493056,193.49158653846155,2.183673469387755,428
4.949071099763771,5.836134013068019,172,0.7062726545832362,3.34160756501182,4.9186046511627906,846
1.5681963849723695,2.9344481298043896,84,0.31527708079117994,0.5033557046979866,1.7738095238095237,149
2.9330849874493423,4.978473461980547,62,0.3547942282736855,1.0162162162162163,2.9193548387096775,181
1.5194480285150038,4.802259243026915,107,0.1175586517593697,0.22340425531914893,1.7383177570093458,186
4.748140809304613,2.3159210044425182,64,19.214649867414657,91.8983606557377,1.84375,118
2.4282653953046713,1.9043453911535821,136,19.021076508553747,41.94427244582043,1.8161764705882353,247
3.9506626227391752,5.280812848222442,188,0.5098596534544241,1.9958677685950412,3.8617021276595747,726
3.9777482640004056,1.2727312754392441,103,39.072644966160595,144.79611650485438,1.3106796116504855,135
4.099062464748173,1.0124186734470202,154,62.114449805597026,241.98107255520506,1.0844155844155845,167
3.528714788881902,5.983747075179404,183,0.22471369430908936,0.8580542264752791,3.398907103825137,622
4.660215856489922,1.18766291711977,84,34.06161698698442,150.8354114713217,1.25,105
3.455884159123472,1.3335430510310629,106,36.510967593529244,128.82428940568477,1.2452830188679245,132
3.6843908352444954,3.3363652398304837,141,4.599624491734773,15.691235059760956,3.404255319148936,480
4.760050424538093,2.608194530278352,148,35.00799385507986,169.64964539007093,2.472972972972973,366
3.646394929585308,5.412632293565782,84,0.3706800706280978,1.3707165109034267,3.7857142857142856,318
1.1512463525388723,5.469735257165763,166,0.05868305245276037,0.07692307692307693,1.0180722891566265,169
0.5554987460717591,5.075980655035547,78,0.027225227711530593,0.02,0.6282051282051282,49
4.910998682317633,3.1551316090795836,65,15.089183378428602,68.29102167182663,3.2153846153846155,209
4.89151977429106,2.303837252332331,64,19.660759294111866,88.73856209150327,2.015625,129
0.5009405844338415,3.78190860863833,109,0.006096139147061308,0.0,0.47706422018348627,52
2.7980691228461736,5.8996159949445035,108,0.14289916408010486,0.3805031446540881,2.9444444444444446,318
4.171741690219969,2.5015054895697166,56,9.785507555958556,39.90748898678414,2.5535714285714284,143
3.6645485325598943,5.523627036210763,97,0.2993641976391038,1.1700288184438041,3.5670103092783507,346
3.648342812440127,1.5875913448867143,186,57.715738394540615,226.16780354706685,1.553763440860215,289
2.8024622236439574,1.0272590786617433,162,55.34785986917394,149.60262008733625,1.037037037037037,168
2.259685195105553,4.307368773823687,136,0.2716039923260172,0.7467532467532467,2.1911764705882355,298
4.332388671681487,5.9547008262412024,174,0.2889212168355128,1.125506072874494,4.241379310344827,738
2.6479691037712634,5.0080574834475415,85,0.24577328561393277,0.6008771929824561,2.6588235294117646,226
2.5292192723516864,4.782190623429457,155,0.19136209949325705,0.5025252525252525,2.5483870967741935,395
2.3268796261798323,1.8167901504150996,97,12.27464612369936,28.759825327510917,1.7422680412371134,169
4.6909312478723955,5.115634711738018,197,0.8290409521055231,3.877939529675252,4.4213197969543145,871
4.4057786879151655,4.6862129352029145,200,2.5264024186428964,11.10972850678733,4.265,853
0.7562528162221291,2.9782727154710256,73,0.06592706347760084,0.11864406779661017,0.7808219178082192,57
3.3566314966325153,5.664578370921596,132,0.188094930836968,0.6183035714285714,3.356060606060606,443
2.0373703167454167,3.231989667600406,198,0.4245077289204202,0.7309644670050761,1.97979797979798,392
4.245004582807473,3.390149672212964,95,4.882623781435838,17.162011173184357,3.473684210526316,330
1.4946120485292973,0.9674546165563468,79,15.236755207329695,22.05263157894737,0.8481012658227848,67
3.7427385303291807,4.460994010159982,169,0.8926789773977687,3.278041074249605,3.7455621301775146,633
1.1847230961299333,5.5797298868415774,168,0.0542824546819817,0.059113300492610835,1.2083333333333333,203
4.491364162917987,3.0789969953829357,122,26.363119112646437,117.17857142857143,2.762295081967213,337
4.629494994327763,4.614030111596012,164,2.984796333123527,16.96410891089109,4.530487804878049,743
0.9546422038189432,3.7600779601903946,81,0.0673284696240834,0.09302325581395349,1.0617283950617284,86
1.3932797316204981,1.89476355911333,90,1.1957162132154582,1.5223880597014925,1.488888888888889,134
2.6594021557706955,4.666454668584782,95,0.20457019842627913,0.6512605042016807,2.4842105263157896,236
1.0678119888382949,0.923875567202842,187,14.84707426411913,14.455497382198953,0.8770053475935828,164
3.899019367955886,1.7876917550841265,166,43.179370460609576,162.57473035439136,1.9759036144578312,328
1.1497700720554862,5.863129749500025,194,0.04100642811205074,0.02857142857142857,1.0824742268041236,210
3.144947161647944,2.3720771739245463,60,8.969122515344647,27.922680412371133,2.35,141
4.496405346053925,5.252439424654021,195,1.3722981338003488,6.508474576271187,4.769230769230769,930
4.420795889951826,4.796578970097514,50,2.987627033483602,14.657142857142857,4.3,215
2.1337981545540776,4.555480052733452,120,0.1426602546433294,0.25,1.9666666666666666,236
1.077278547727701,5.704222372845228,168,0.03538505775197201,0.0392156862745098,1.2142857142857142,204
4.276928591610788,3.848567534048073,105,10.354670804360259,42.3296943231441,3.8666666666666667,406
1.498453311264939,2.1907859957687887,138,0.7204526287649672,1.0985915492957747,1.5217391304347827,210
2.2439097592659225,4.366876076473517,90,0.16051209278767048,0.23557692307692307,2.311111111111111,208
1.3856629186959997,5.611880357823773,161,0.04255618311339368,0.04824561403508772,1.4161490683229814,228
1.4714889004967875,1.0206115812265417,57,8.703062704106902,11.409638554216867,0.9824561403508771,56
3.699583116958534,1.3117382771346096,117,37.17380852125548,144.9772209567198,1.2478632478632479,146
2.0843548467651356,1.7712005339227415,54,2.307205344270128,4.4818181818181815,1.8333333333333333,99
2.4097523947399777,3.446037020164414,84,0.4407581999455478,1.1214953271028036,2.4761904761904763,208
3.6349947843231725,0.743389340738208,86,34.33275942359541,129.91975308641975,0.7325581395348837,63
4.3512674145946,2.722195424769611,113,21.026197976918922,93.77335984095427,2.7610619469026547,312
0.5862106462888921,3.0430944922107344,51,0.029641416820303284,0.0,0.5490196078431373,28
0.8312524258852185,4.2054477453797725,118,0.07200164754921404,0.09900990099009901,0.8559322033898306,101
1.432676288169488,5.376235469828642,125,0.02450948554769451,0.02247191011235955,1.424,178
3.9811884896897807,4.649197747839805,90,0.40723594627690174,1.4812680115273775,3.8222222222222224,344
4.05888009214019,3.2924716805468455,111,6.764370056648244,27.6875,3.4774774774774775,386
3.9649196892728655,1.7867134320484488,110,28.761218050030166,103.01745635910224,1.8818181818181818,207
2.2605768062586127,0.8968074876842258,179,56.25438437377083,123.03703703703704,0.9050279329608939,162
1.7873797417831083,3.147553614253095,120,0.3620506295534229,0.5658536585365853,1.675,201
3.075697249600808,3.4769672899696076,97,1.4605198621906352,3.9555555555555557,2.711340206185567,263
3.2533857494972995,2.017255092278762,135,26.027287996434193,82.375,2.0296296296296297,274
1.887190787987023,3.6360869076899847,138,0.2831124095593421,0.6209386281588448,2.0072463768115942,277
4.627726460933312,4.270848168740082,133,10.418402644784685,51.04179566563467,4.097744360902255,545
3.2690345799289084,0.6526601528962401,80,31.118402128455312,94.25206611570248,0.6375,51
4.373175658874439,2.065857129074898,102,31.712966030174247,122.24761904761905,1.7941176470588236,183
2.631823544133648,3.691422980395847,127,0.7184421741384623,1.8606060606060606,2.559055118110236,325
2.1358668237625382,1.2203426736098177,86,19.392380905029054,37.69277108433735,1.0116279069767442,87
4.266470502671697,1.117527721864199,85,27.31864083049902,102.0,1.2705882352941176,108
4.3218031906202485,0.9803650093591731,59,25.21215444912659,93.04310344827586,0.847457627118644,50
4.065163125935902,3.396477821058424,69,10.405150413357706,45.411764705882355,3.0869565217391304,213
0.8272506789625973,1.380763258070056,195,0.9106918217268625,0.75,0.7948717948717948,155
1.3296775733400767,3.2855302857220803,75,0.12147610831940871,0.10638297872340426,1.24,93
4.490055771614583,3.649855152866127,175,18.73508372968092,76.23708609271523,3.5085714285714285,614
1.3761494036166746,4.984253250841253,108,0.044647486047819505,0.03076923076923077,1.1944444444444444,129
4.86195641239825,2.9947484000752307,134,25.51996863590522,122.95645412130638,2.9776119402985075,399
4.298122692778902,5.90997260874041,123,0.5091867225437443,2.3491525423728814,4.796747967479675,590
4.28975460916285,2.061145713322036,138,31.128881674656267,124.2919708029197,2.1231884057971016,293
2.559955101559088,1.8114967367725483,183,21.82483286471193,49.07783018867924,1.825136612021858,334
0.8301120980151729,1.6070322534889505,129,0.9863828377043109,0.6476190476190476,0.8062015503875969,104
2.082425148596066,2.0433155697093928,146,16.36754122553232,30.80066445182724,1.7328767123287672,253
1.8198540211460572,2.2082383744684724,134,1.3164696874937765,2.3333333333333335,1.664179104477612,223
3.327723497257964,0.8628879201754878,177,72.40092766754049,225.001677852349,0.9265536723163842,164
3.256272680155706,1.0752480694341744,127,46.984577846778414,145.08291457286433,0.8503937007874016,108
1.4834865862258244,3.021517882319561,96,0.19235987849815867,0.19696969696969696,1.375,132
3.0419546348749096,4.08410535718496,57,0.7419213765205881,2.239766081871345,3.0,171
2.5602429280038397,4.428208441012714,171,0.4441409956443405,1.1444954128440368,2.5497076023391814,436
2.300536572138594,2.9811322380424303,68,1.1841757458023252,2.9870967741935486,2.264705882352941,154
3.2014626635638397,1.1040048355126784,163,61.01751428513583,164.77263581488933,1.0858895705521472,177
1.0101207501792617,5.270228252947734,112,0.0567445924936481,0.06504065040650407,1.0982142857142858,123
4.963009139544242,3.4808142495875036,134,24.691806111393266,124.39067055393586,3.2238805970149254,432
3.258067279945322,3.477849335142022,179,1.4134794775899526,4.22791519434629,3.0726256983240225,550
0.7365121515584561,4.078513508438721,53,0.014683825283217822,0.0,0.6037735849056604,32
4.8229566493556515,4.480397391213682,154,14.414505641179433,66.84736842105264,4.253246753246753,655
2.989572406148035,2.537885559755961,108,11.732079467873266,35.32727272727273,2.4166666666666665,261
2.9305274499910032,5.33874832509617,77,0.22031999294133808,0.6740088105726872,2.948051948051948,227
2.9710754482271167,3.6506682989650487,143,1.0056404585964602,2.6338028169014085,2.93006993006993,419
2.149384163723433,5.304584107994372,126,0.08224511382806388,0.12274368231046931,2.1984126984126986,277
2.519208120318914,1.3080025533866397,193,51.41944157851947,123.84989429175475,1.145077720207254,221
2.8654440070598777,0.9381765403688183,100,33.746635176039916,82.53359683794466,0.86,86
4.1889599375508,2.663048238765502,199,33.962941846885215,144.97748815165878,2.7688442211055277,551
2.606764014867035,0.633985114925608,79,30.25055887218127,87.71493212669684,0.5443037974683544,43
2.477495037675512,2.471377327288654,119,2.728037404987024,5.913857677902621,2.168067226890756,258
1.374658109452027,1.211197956464611,123,15.013950544594847,20.177777777777777,1.2195121951219512,150
3.8295555060718596,1.889020138586654,58,13.308643071411687,44.915,1.8793103448275863,109
2.631904146212814,0.6070121124706068,128,38.634525145531384,121.33933933933933,0.5859375,75
3.8354856001833433,4.384782349297721,147,1.0086228197671012,3.5383177570093456,3.63265306122449,534
0.7833585778574257,1.1772448563673796,102,0.683501980354238,0.47191011235955055,0.8529411764705882,87
1.8367433891035585,4.850894992705402,164,0.10950262312158551,0.1951219512195122,1.9939024390243902,327
4.548739043056414,3.6041603975761864,79,9.706296163813906,47.0718085106383,3.4683544303797467,274
3.150056864959791,5.102877042466011,146,0.3616076782799818,1.3821138211382114,3.363013698630137,491
1.7909047928209714,2.3327870110406486,191,1.2667100981924637,2.619047619047619,1.869109947643979,357
1.8981346583960537,0.8091005363632056,133,43.224102998191086,70.92372881355932,0.7293233082706767,97
4.356605700668607,4.627850617277452,167,1.8648457194947543,7.990196078431373,4.275449101796407,714
2.713277674295346,0.6278386204012912,58,18.292057248248188,66.67816091954023,0.603448275862069,35
1.665553010469584,4.457972289655921,181,0.09529706153865476,0.1716171617161716,1.6685082872928176,302
3.091599344138096,4.586557878158716,143,0.43590188462248736,1.3207964601769913,3.1468531468531467,450
4.372614232747412,3.198399067040075,156,25.573429868374276,108.44028776978418,3.1923076923076925,498
3.2915523313382606,3.298180332798971,90,5.0762955734686335,16.426666666666666,3.022222222222222,272
3.1185683156065975,3.1677360960081566,71,1.03231595214258,3.536231884057971,2.6338028169014085,187
3.476136319528788,5.008682613943247,152,1.283946772318137,5.267361111111111,3.710526315789474,564
1.7801982098567355,2.7562615509956565,82,0.36751429363372873,0.6602564102564102,1.8780487804878048,154
2.466667436873916,4.876133015729107,181,0.19404452492473673,0.5145413870246085,2.4696132596685083,447
3.7382072825092973,2.5982738478306486,88,12.140228926816933,42.8,2.852272727272727,251
1.2869310970277352,4.022909043696244,51,0.06156593683627788,0.015873015873015872,1.2352941176470589,63
2.2851651835279907,3.6956874704334806,137,0.33384340104056515,0.7016393442622951,2.2116788321167884,303
0.7817628070887238,4.229019691695265,65,0.038675074074114905,0.0,0.7538461538461538,49
2.1795452702394087,1.0221655036314465,165,44.11983035864034,90.0927536231884,0.9696969696969697,160
1.8418964157576836,4.298133152835252,181,0.19629398994556665,0.38968481375358166,1.9281767955801106,349
0.815058677482709,0.6607911451354235,121,26.213984496490536,21.9,0.512396694214876,62
2.3570836986339208,1.4366647492043902,124,23.373795825262846,80.02266288951841,1.3709677419354838,170
4.9644716051546895,3.5267586937843047,200,30.060804513463182,135.8968085106383,3.41,682
0.562280734683474,3.716218154335786,96,0.04774756361031521,0.02,0.5208333333333334,50
3.511742631631036,5.179142711698066,196,0.2925135101380337,1.0307467057101025,3.4489795918367347,676
0.5100320111675387,4.0477537662247824,196,0.04976939950522731,0.038461538461538464,0.5306122448979592,104
3.646338979974825,1.7861430130114746,68,19.244722783724907,71.98863636363636,1.8088235294117647,123
4.178229224140109,4.445673287146642,154,2.403614474628919,10.892537313432836,4.181818181818182,644
4.372449044883792,2.553500201754519,168,29.51277809561665,133.66712898751734,2.625,441
0.5657232565579537,5.346587823059464,110,0.014753793903870863,0.021739130434782608,0.41818181818181815,46
2.1970709850155705,3.58996392553679,120,0.47572398117509307,0.9514925373134329,2.2,264
4.088101574538128,1.4290075139829945,80,25.83608577367461,108.12389380530973,1.4625,117
4.434906073560816,0.8034240978519972,154,56.990983746113464,268.4258160237389,0.8311688311688312,128
3.557155004602306,5.843756345136236,122,0.2734811255945616,1.0498915401301518,3.7704918032786887,460
2.597707299632629,3.359878561694538,182,1.303889778281874,3.391038696537678,2.697802197802198,491
4.03738576582743,5.053105892489842,150,0.8597841922916396,3.4334415584415585,4.073333333333333,611
4.239557000029794,2.8757206579345227,74,9.03191194172573,38.99082568807339,3.391891891891892,251
2.7800040652509934,3.315322134963111,54,2.756165998728245,7.144654088050315,2.888888888888889,156
2.413351871986267,3.9145468526419247,86,0.5509102345080996,1.1368421052631579,2.197674418604651,189
4.441768003281024,0.6369609570747842,73,22.63552997885755,126.00931677018633,0.7945205479452054,58
0.9979678236200371,1.8773240288284492,180,0.6432125902498212,0.6577540106951871,1.038888888888889,187
2.688596411086172,4.518257879604597,80,0.15368605121696544,0.3385416666666667,2.3875,191
4.553935049468901,3.8132299302162433,99,5.746999625645669,27.02164502164502,4.070707070707071,403
3.5130402059645354,3.1073954294364627,147,6.293139769527518,24.473977695167285,3.1496598639455784,463
4.3852553800355984,2.857611104777315,79,11.60463148743793,53.644067796610166,3.1392405063291138,248
1.5418838468740295,1.1974532532544337,104,15.68074807265723,29.47457627118644,1.0480769230769231,109
1.1692899100882697,5.585369722650312,96,0.03699347317495269,0.04,1.03125,99
4.395078978508963,2.4431249690342156,145,26.783474255825002,126.17285945072697,2.3241379310344827,337
3.2262878563207473,2.2567815876727155,127,15.41724002463218,50.52554744525548,2.4173228346456694,307
0.661757670800315,3.553605357945688,95,0.05696117489158273,0.04918032786885246,0.6421052631578947,61
3.509945732655903,1.9821759974362267,101,25.547028542204483,92.7578125,1.9801980198019802,200
2.9065083344192297,4.716794265107978,89,0.2865703860457649,0.8347107438016529,2.7191011235955056,242
4.575789389300885,1.2776447578540826,144,47.93294098963909,238.05555555555554,1.2569444444444444,181
1.8537820889820578,4.8631002557901795,121,0.15238794863432464,0.25225225225225223,1.8264462809917354,221
2.472759062465914,1.0360559518943635,53,15.909222602545162,33.86206896551724,0.8490566037735849,45
3.758844440084761,5.487741071710651,74,0.19807546626791905,0.6914893617021277,3.77027027027027,279
3.7700081553431173,3.9688151406656447,65,1.532032166149467,5.520599250936329,3.8923076923076922,253
2.0618154641560924,2.9080923330567265,115,0.7284142826929013,1.5488372093023255,1.8695652173913044,215
2.6547696466593105,3.1825458184914197,50,1.3601758942022928,3.7567567567567566,2.94,147
1.0667773553505935,1.086079001337287,128,19.432540103167675,22.14012738853503,0.9296875,119
1.3552732557676506,3.4423736695637217,72,0.13435028016628092,0.06521739130434782,1.2777777777777777,92
1.219312427943532,4.276241646136172,123,0.08001826042424146,0.08609271523178808,1.2195121951219512,150
2.6684641625988457,2.122314314969321,132,11.427105638998455,32.16573033707865,2.106060606060606,278
4.647314067313436,1.1596322533689576,83,26.127904502109576,131.07407407407408,1.2650602409638554,105
3.3490130067255515,2.7977351606170036,198,16.998236844345445,63.07216494845361,2.707070707070707,536
1.5112755387578827,3.498703622026788,78,0.2144658952929884,0.256198347107438,1.5384615384615385,120
3.8379039684334386,3.308096864246486,141,8.326651251533372,34.49813432835821,3.1843971631205674,449
4.39342074572608,4.35325120784133,194,8.318720884278504,34.372009569377994,4.030927835051546,782
4.873703512281694,0.9982107721053124,194,77.25112235177332,361.7554347826087,1.0206185567010309,198
4.528629815098344,2.487230314349786,136,30.816969821923433,116.89145907473309,2.6029411764705883,354
2.901073141260782,3.4201888957233977,148,1.5194586550348717,4.699779249448124,3.0337837837837838,449
4.796160989335862,4.97336117723297,64,4.641357693745181,21.333333333333332,4.3125,276
1.3071426635447911,5.303767300957375,90,0.02539036556675735,0.017391304347826087,1.2777777777777777,115
0.759941178389814,0.6484781299166869,114,1.2737623510011904,0.6,0.7105263157894737,81
2.906612339594332,4.447213661404776,114,0.35619076010903666,1.0689655172413792,2.7982456140350878,319
2.7924006232412104,1.111829227244297,170,53.49570103971396,148.2757894736842,1.076470588235294,183
4.503332174476178,1.098761636260277,122,53.467532479447435,210.05893186003684,1.1311475409836065,138
3.260207066393189,3.4976618403567676,147,1.5030086501706525,4.542797494780793,3.251700680272109,478
3.1519174054892556,3.8239602117375884,150,0.6631611625787868,1.9142259414225942,3.1666666666666665,475
3.947079580678746,1.3697109055212553,60,16.44275314852888,70.63829787234043,1.45,87
3.112794260212109,5.637101847153541,150,0.23359793474839088,0.6953781512605042,3.1666666666666665,475
2.854815389003634,3.934561898449023,199,0.690570123966311,1.7832422586520946,2.748743718592965,547
4.721870869929441,5.239791388796499,183,1.2773085100303772,5.793875147232038,4.584699453551913,839
3.1816321948355926,2.611101421145838,99,16.132812977603567,46.91503267973856,2.474747474747475,245
1.4233018996695943,2.509241677332996,107,1.1208427943544867,1.744186046511628,1.588785046728972,170
2.175686721821015,2.5634255175582044,178,0.7960919715850154,1.4,2.0898876404494384,372
3.05617328447497,0.9711949600209224,50,14.359359936588069,47.83116883116883,1.04,52
1.0484175283202473,2.06411518657324,59,0.30964250865603454,0.34,0.8305084745762712,49
0.7474323613206423,1.4938615051242543,73,0.5655256097027599,0.3492063492063492,0.863013698630137,63
0.7026227094128725,4.177664340037986,181,0.05123748784557823,0.05084745762711865,0.6519337016574586,118
3.206807944861855,1.1298953785326153,73,23.900040453990744,68.12844036697248,1.1917808219178083,87
3.067047770905667,4.867053168871248,135,0.25876562927626057,0.7488262910798122,3.1481481481481484,425
2.3399678117640237,5.442557802523098,129,0.12418834293799574,0.23825503355704697,2.2868217054263567,295
0.7516051403878055,0.8826763053881169,151,1.159684883996146,0.5048543689320388,0.6754966887417219,102
2.341226169733084,3.580586435174257,142,0.6114467599102243,1.546583850931677,2.267605633802817,322
4.877321830904874,5.574401490275366,149,1.3967247335324586,6.816666666666666,5.228187919463087,779
3.2001470276814192,4.938369308924402,80,0.7051515443812651,2.5839160839160837,3.5,280
2.9665227271861268,3.828469148750785,90,0.8802609216700573,2.354330708661417,2.7777777777777777,250
2.300796384336013,5.4933246247630425,125,0.1497708010667432,0.3811188811188811,2.288,286
4.289717864827712,0.7131986287712204,146,59.868836773891765,260.0577849117175,0.6712328767123288,98
3.6293831373714016,5.4854331774223875,81,0.1989151256511455,0.574468085106383,3.4814814814814814,282
3.2334697073593572,3.229163102567388,71,2.804972596855484,9.08713692946058,3.183098591549296,226
0.9837143632567498,3.5307823899937913,83,0.08790825482977364,0.12345679012345678,0.9759036144578314,81
3.9008099112361916,4.253518580486547,159,6.491610452237932,26.01192250372578,4.0062893081761,637
1.3832427244525929,2.8848704056012546,147,0.22715455532313905,0.2727272727272727,1.489795918367347,219
1.6086213235410038,4.795363792615621,183,0.12339214677489692,0.2,1.4754098360655739,270
1.9979709610110117,2.1234148850571297,132,4.5986194551988655,8.700729927007298,2.0454545454545454,270
2.356657077871265,0.8535132956859401,51,18.57957162149562,46.911764705882355,0.8235294117647058,42
4.419713772373155,2.11889916452224,169,40.85294729714349,183.30175913396482,2.1597633136094676,365
4.903928819369155,5.047106599313947,63,1.1807603452652342,5.458620689655173,4.571428571428571,288
2.9340452064593254,3.6347349826308446,74,2.645490746223594,7.745098039215686,2.72972972972973,202
1.091189148477003,0.7887571387648752,174,20.28847944860624,19.473118279569892,0.8735632183908046,152
3.580158047397001,1.2141236920025702,84,22.376527522581924,79.08823529411765,1.2738095238095237,107
3.8928729259860106,2.3591422868992886,188,32.005890526518364,132.4179104477612,2.4308510638297873,457
2.2037308369899358,5.2758032423829695,138,0.1075939029158205,0.3042071197411003,2.2246376811594204,307
2.2088422427451233,1.9492612423759361,77,9.988594086779134,20.214285714285715,1.87012987012987,144
2.9101606714913872,5.284051433734779,141,0.32786653227167606,1.0639269406392695,3.0638297872340425,432
1.0671393580693578,5.136407385979252,145,0.05071846708533096,0.07534246575342465,1.006896551724138,146
2.4558241196228963,5.852265353599947,66,0.05431472255644656,0.07446808510638298,2.8484848484848486,188
1.782878493956701,5.959658949862817,103,0.07201030822566391,0.13875598086124402,2.029126213592233,209
3.532595221600392,1.3116324377024147,158,46.1958884501634,178.48686514886165,1.2468354430379747,197
4.06639486707123,2.0691076914818964,137,34.51880601130345,144.18117229129663,1.9854014598540146,272
1.0529002229861002,0.7273779926169184,197,31.00563242975081,32.81730769230769,0.6903553299492385,136
3.3873337254514198,1.8413647919184069,86,16.182814971220658,53.63636363636363,1.9069767441860466,164
3.3195639865598365,5.820701356905813,128,0.13975259863617726,0.33249370277078083,3.1015625,397
1.560205406159024,2.8744887328023974,155,0.2826875585351395,0.4918032786885246,1.5677419354838709,243
1.1075343376158533,0.9706840510453361,110,13.503658967122826,13.864406779661017,0.8,88
2.953018729356324,5.89193130741119,53,0.19230698278328479,0.6380368098159509,3.0754716981132075,163
1.8973929278627286,5.926818501094236,198,0.061329764078681154,0.09919571045576407,1.8838383838383839,373
1.8413437830214394,0.8938696446477579,162,42.01264814576692,67.2089552238806,0.8580246913580247,139
2.7571303419692574,5.54844795841904,131,0.15111845919522113,0.43597560975609756,2.50381679389313,328
3.4960531722848325,0.8864377660113985,115,35.21682283838547,134.1764705882353,0.9652173913043478,111
3.9911364907599607,4.7202276019068075,183,0.7790972070799751,2.919308357348703,3.7759562841530054,691
3.6758210621364924,1.6053388520409233,107,27.49375544106717,112.36406619385343,1.7757009345794392,190
1.9112671871664544,3.629964809619853,63,0.2954559894054738,0.4864864864864865,1.7301587301587302,109
3.4174129799048707,1.2123750604759018,74,26.239291228249517,83.76348547717842,0.972972972972973,72
2.4783588838224606,3.27820230186044,158,0.3855814021339692,0.905511811023622,2.3417721518987342,370
1.7725374020818703,2.047145915810671,140,0.854155731689439,1.45,1.7,238
3.8535408822424504,5.222735222608321,185,0.459604928884854,1.537292817679558,3.908108108108108,723
1.734985060369021,4.21580231330805,130,0.16701488725355781,0.26548672566371684,1.7307692307692308,225
1.7186584934766624,2.0515247321101575,67,0.6353690052517682,1.5961538461538463,1.4179104477611941,95
1.624874300316439,3.3666772790732953,93,0.2372104289057631,0.3698630136986301,1.5376344086021505,143
2.486423637860022,1.2670420641289102,54,9.055418446622905,29.152173913043477,1.2407407407407407,67
1.547771883357653,4.693523967684488,66,0.09954800463778336,0.19658119658119658,1.7727272727272727,117
2.0859257486393306,3.246134585766843,157,0.5579432443914161,1.1656626506024097,2.1082802547770703,331
4.531567789144152,2.4803605987679864,75,17.55562274122372,75.50301204819277,2.466666666666667,185
1.191549465158666,4.6418623510565915,100,0.04810050654871313,0.046296296296296294,1.08,108
1.6364263234292387,3.506103624903675,83,0.25198815460602914,0.4318181818181818,1.5783132530120483,131
1.0984496895921938,2.9945031961194055,144,0.19475647767654133,0.16766467065868262,1.1597222222222223,167
4.161921680868485,2.898097493173715,62,6.8493079635305385,25.23076923076923,2.967741935483871,184
3.704853747146797,5.333032221460363,55,0.3709659902111785,1.3125,3.7454545454545456,206
4.900599491868022,3.7944161464470745,75,8.826368244427355,41.64804469273743,3.6933333333333334,277
2.1347799073123266,4.7022736205780475,92,0.16475832512763994,0.36318407960199006,2.1847826086956523,201
1.7078508404322854,2.7865564981477737,84,0.4194517647131559,0.7142857142857143,1.6547619047619047,139
0.6909840693582145,1.9480732552088846,133,0.24669171156701186,0.1839080459770115,0.6541353383458647,87
0.7407497167138279,2.5536153607231045,184,0.11765733870247984,0.07317073170731707,0.6684782608695652,123
4.933907001357033,3.417703509768211,164,26.369957739692563,125.84903225806451,3.1890243902439024,523
2.0154109647415743,4.414952535482486,156,0.13924664827831182,0.22259136212624583,1.9294871794871795,301
0.6573360969874389,3.2701911632432994,145,0.11598412750056347,0.10185185185185185,0.7448275862068966,108
2.4355619913792994,4.482718744055277,150,0.20030273528852202,0.46726190476190477,2.2333333333333334,335
3.5140764754232254,5.655334150320579,133,0.26584875309805767,0.8860759493670886,3.56390977443609,474
3.665496650126691,2.8901868882389263,69,4.530124358458525,17.730923694779115,3.028985507246377,209
4.373507672152318,5.341550940443356,113,0.45055566041985906,1.7163865546218486,4.176991150442478,472
1.6709408517435658,3.282643464483007,108,0.5197531557069378,1.0408163265306123,1.8148148148148149,196
3.5998459795928532,5.507453673950845,118,0.4112735376891814,1.466512702078522,3.652542372881356,431
1.239325914786846,2.667671360734874,140,0.37418208514789353,0.4588235294117647,1.1857142857142857,166
2.2995527718600886,1.4219655718722704,176,35.64108263139844,86.91916859122402,1.4488636363636365,255
4.624613272318516,4.088802275771524,78,6.57105047104015,32.20316622691293,3.948717948717949,308
3.2600586751271896,2.1073208288933074,115,25.825345093135354,79.07180851063829,2.1130434782608694,243
3.0072883044856695,4.3429062579140485,164,0.4936848814003208,1.3521400778210118,3.1341463414634148,514
1.8174162434278363,0.6135587064811077,84,25.458051429934763,52.883870967741935,0.5476190476190477,46
2.9802222570727057,5.261374635112731,183,0.25159193253623663,0.7504761904761905,2.8579234972677594,523
1.0432680860212775,5.313973380096179,186,0.062314980616282246,0.09375,1.032258064516129,192
2.9448659488990376,1.274181054978913,165,40.7520955915545,126.9937369519833,1.290909090909091,213
3.432719174929203,2.090884441249723,192,44.32721714901094,145.7969696969697,1.953125,375
3.8136994100650363,2.285084031172617,133,28.688267817451397,108.61627906976744,2.2706766917293235,302
2.334108591923705,3.5920413099404507,133,0.6947470998947068,1.6013071895424837,2.293233082706767,305
4.018737447821607,5.635097970494618,155,0.5524420230644499,2.3753894080996885,4.129032258064516,640
2.2231087930181275,3.2875433308278788,66,0.3091563788704878,0.5753424657534246,2.1818181818181817,144
2.0719090722272053,3.9374181576388234,114,0.34785332691273463,0.5708154506437768,2.043859649122807,233
0.8061567368609394,2.2966221465260594,145,0.29798373678690554,0.35398230088495575,0.7724137931034483,112
1.4017223750345076,2.6356907017300806,160,0.47470835322360533,0.7111111111111111,1.40625,225
4.473516108823115,0.7830041935437251,81,34.07142419578313,139.35672514619884,0.7530864197530864,61
2.924933809613102,3.154673634196567,111,0.7300149570833443,1.7571884984025559,2.8018018018018016,311
3.57314179922425,1.105933621474617,84,25.374682877293356,107.6403785488959,1.1071428571428572,93
0.7389289710005169,5.451251520003578,168,0.04110079563788292,0.06481481481481481,0.6428571428571429,108
1.9796783553269286,5.238557345433282,154,0.10424353843102246,0.24749163879598662,1.9415584415584415,299
2.828012284481552,5.2013883067255335,156,0.17539578293629,0.3832923832923833,2.6025641025641026,406
2.6140317916611227,1.0877162061492944,92,28.65306230175445,71.85470085470085,1.0326086956521738,95
4.478795928310886,1.1162553276769267,108,42.256935860261116,168.04444444444445,1.0648148148148149,115
3.2808060431978125,1.3595858140147161,113,41.470739507917685,125.34464751958224,1.3185840707964602,149
3.242593100866955,3.931040361167729,56,1.088662739517367,3.657754010695187,3.142857142857143,176
2.203032637381778,4.063374310488782,70,0.22834193255748886,0.4897959183673469,2.1,147
2.9758423426614136,0.8206145034733184,130,49.69523377161992,138.72378516624042,0.9076923076923077,118
3.82445202377649,5.898345937288782,50,0.5230551390314923,2.0309278350515463,3.86,193
2.3344998223539535,1.438269965238722,106,23.87089651012658,47.53648068669528,1.4528301886792452,154
4.819558530507017,3.3971760574202614,173,26.074469146829596,127.20047449584816,3.3583815028901736,581
0.6798093077670155,1.0415447516164609,146,4.061520095888424,2.759259259259259,0.7191780821917808,105
2.6417519225000774,4.845480728079367,87,0.32334583673618666,0.8256880733944955,2.4942528735632186,217
4.023504758271035,1.1193772060165292,119,43.556655110615,174.9660297239915,1.0168067226890756,121
1.2544676490914553,4.052380477572729,149,0.10831198290775296,0.15668202764976957,1.4563758389261745,217
1.4130248677451327,5.766789316946508,114,0.07428436690179555,0.1286549707602339,1.4912280701754386,170
4.869639094546739,1.9996833595970869,54,19.869510263389508,98.32280701754387,1.7037037037037037,92
1.0743362980003837,3.2570194035961713,124,0.15648785756074657,0.15328467153284672,1.1048387096774193,137
1.0771307866043727,1.2706011635241938,146,1.1332486292414397,1.1126760563380282,0.9657534246575342,141
2.0225566585155046,4.479333994517786,89,0.1738581063417981,0.2645161290322581,1.7415730337078652,155
0.5816659611454182,3.7149916488884807,155,0.018469498631270276,0.014705882352941176,0.43870967741935485,68
2.507363092347236,5.200873813854239,146,0.13499263936199166,0.3,2.5273972602739727,369
2.8908010268694233,4.8995166927998985,148,0.24439801619701448,0.6847545219638242,2.614864864864865,387
0.9949995044994279,1.8001955429570282,137,0.436779923385156,0.40145985401459855,0.9708029197080292,133
4.544609081281094,1.1757931053726192,87,31.81715730150737,133.92702702702704,1.2183908045977012,106
1.8962728922106464,3.9372881003233844,163,0.1923037096652177,0.3215547703180212,1.7361963190184049,283
2.780155336151068,4.123015718464165,120,0.46834491915100257,1.2082018927444795,2.6416666666666666,317
0.7726666792930034,3.998168423120836,88,0.0410070772235327,0.04054054054054054,0.8409090909090909,74
3.7458302922759863,3.0628388001198252,72,4.473733902539565,18.623616236162363,3.0555555555555554,220
0.9954282955005227,2.3246229756572507,110,0.347650799032628,0.319672131147541,1.1,121
0.5950974582717127,3.113189161634796,158,0.06842810258971847,0.07563025210084033,0.7468354430379747,118
3.7205457112022895,1.063096871613443,81,23.06444462010348,107.46905537459283,0.9753086419753086,79
2.747020331364058,2.6003619095464616,115,5.754887831953186,15.584664536741213,2.4782608695652173,285
2.678419407855664,3.7346437508951666,147,0.5108467788523124,1.2401055408970976,2.5170068027210886,370
4.971314603152923,2.0591292258213154,82,26.12182031490295,117.83248730964468,2.0609756097560976,169
1.963221334250668,1.9974443037966454,176,3.720193113301318,6.7631578947368425,1.8522727272727273,326
1.9770270244943493,4.301139183194718,136,0.21898686458488234,0.50187265917603,1.9411764705882353,264
4.832708586886276,4.333434709254604,192,5.219752613748927,24.00877192982456,4.625,888
1.588026825829753,2.4940696434988676,68,0.6844536281868387,0.9338842975206612,1.7794117647058822,121
3.223006951863427,3.7548624257001397,119,1.0145344536296543,3.1210526315789475,3.19327731092437,380
1.2151700772866636,4.961386829696761,69,0.021787981751673256,0.0136986301369863,1.0579710144927537,73
2.2082660895330717,0.9609249392505028,125,28.516521967560593,64.14885496183206,0.992,124
1.4265847880116493,2.2972492597777747,68,0.2839505650373981,0.30434782608695654,1.3529411764705883,92
2.966829082691115,4.763168581244929,198,0.42241691543380017,1.2842465753424657,2.9393939393939394,582
4.09920478229439,3.0718522734274156,170,15.308976079528907,66.51432664756447,3.123529411764706,531
2.1785770204527815,0.6504377597055695,165,59.050089568605564,134.2054054054054,0.593939393939394,98
1.0000255861750214,4.3280750992338,59,0.050723478703393284,0.05555555555555555,0.9152542372881356,54
0.7287857966286381,4.777621561260155,135,0.044562760240618025,0.011627906976744186,0.6370370370370371,86
3.118534489886888,1.4977972675457132,182,38.779456300917694,130.32566371681415,1.5494505494505495,282
4.004114973138205,2.688732134413939,79,13.23539327521825,50.379746835443036,2.949367088607595,233
2.6194314472172993,3.8249723243909837,157,0.5686691189462839,1.4848484848484849,2.5031847133757963,393
3.369427803989145,3.921983401175396,166,2.0810661990493844,6.938405797101449,3.325301204819277,552
2.7269111237278514,5.941361259798645,186,0.13154760749167435,0.34331337325349304,2.6881720430107525,500
3.0829426417202286,4.155278778319794,51,0.5751210679426274,1.3653846153846154,3.0588235294117645,156
2.842153862169159,1.9002756217776522,85,5.708431143161739,14.663793103448276,2.447058823529412,208
2.626249523243214,1.3276950989833924,154,45.71485977018479,109.10148514851485,1.2727272727272727,196
3.5853467587708834,5.627729111841524,126,0.5321179284373633,2.2150776053215075,3.5714285714285716,450
4.220276622776982,0.9536838977748769,129,48.27592466896202,203.53154875717019,0.875968992248062,113
2.9605235627588837,5.8306060748899124,73,0.1130707306567764,0.2663316582914573,2.712328767123288,198
0.8983283847505804,2.363821755781962,102,0.2374067952180012,0.18072289156626506,0.7941176470588235,81
0.7075083913346132,3.516221782772846,157,0.03654190925471626,0.0,0.8471337579617835,133
0.5184809565101572,3.952717192002578,132,0.08676947176982648,0.046153846153846156,0.49242424242424243,65
4.168930023933879,0.6128195965056681,97,40.163685790835,179.61904761904762,0.6082474226804123,59
1.4615875420781101,3.6805994261213497,128,0.07938103434326883,0.09836065573770492,1.4296875,183
3.5523230319382257,1.5698208336518895,92,28.21854290314684,95.60615384615384,1.4565217391304348,134
2.103096152574024,2.641090603846563,113,2.847676778230792,6.399253731343284,2.327433628318584,263
2.725833487890558,3.999311423090863,179,0.6793951191360722,1.6741803278688525,2.7094972067039107,485
2.452511924979511,3.3631246379052935,122,0.2702907092456533,0.5,2.3852459016393444,291
4.87714137988399,5.224093123869722,187,2.386275947427449,11.455049944506104,4.780748663101604,894
1.5812835778979888,3.9624831393467015,194,0.22811334196639294,0.38943894389438943,1.5463917525773196,300
3.8782083339073408,5.347372769298305,134,0.27134867602626156,0.912109375,3.791044776119403,508
4.334872390505645,5.65440791290619,68,0.13796440942921517,0.391304347826087,3.7205882352941178,253
0.6955753730166914,5.836997217757884,189,0.027771944344495654,0.022556390977443608,0.7037037037037037,133
1.1716063023734815,1.3051751389131079,127,2.3235585529489398,2.369565217391304,1.0236220472440944,130
3.077353677357909,5.2690862205784015,183,0.38106903330737246,1.3790186125211505,3.2240437158469946,590
2.5240782286312315,1.3766015212534337,106,25.899444952200827,66.7719298245614,1.4056603773584906,149
4.858320694660714,2.702766420955865,115,27.022452018747764,126.37924865831843,2.7217391304347824,313
2.3337554791434796,5.5064760949779075,102,0.1382078716445362,0.2653846153846154,2.549019607843137,260
1.0751859713034493,3.638418776466749,197,0.1687271805186255,0.2017167381974249,1.1827411167512691,233
0.9920556467629004,5.314713348221943,96,0.05989162868400574,0.059322033898305086,1.2291666666666667,118
0.9555497438722438,4.435520185348496,153,0.0396967856327405,0.0375,1.0457516339869282,160
2.9190596928418264,5.48247571100895,89,0.14035158031250627,0.42528735632183906,2.9213483146067416,260
4.493498336854218,3.5545833698184714,166,21.958342930139004,93.47018030513176,3.2349397590361444,537
2.695572872680354,2.1622651802982333,103,17.173942252655106,40.13358778625954,1.8640776699029127,192
3.633246457737966,4.1789088075198215,199,0.9397563103687653,3.514945652173913,3.6834170854271355,733
3.123286204399665,1.2767327825585977,126,33.371623480321205,106.87468671679198,1.3968253968253967,176
4.954952354784318,1.2192690107858875,126,46.34191764341285,207.8170515097691,1.1428571428571428,144
1.2677685982292632,1.7026075287538172,111,0.6424184806122553,0.8267716535433071,1.0810810810810811,120
4.509934227077429,5.50195779951912,161,0.9669797157982328,4.502577319587629,4.819875776397516,776
3.490866956705029,3.314719888289396,172,13.34319914148301,50.556067588325654,3.2267441860465116,555
3.209321154736878,2.286819099747941,131,14.580153630949285,51.14645308924485,2.4427480916030535,320
3.9706537415413714,2.941717853353829,177,20.675203434562295,75.88041853512705,3.056497175141243,541
3.678730604282578,0.7007964886834651,185,68.65362600107308,276.5094066570188,0.6864864864864865,127
4.686652243631089,1.8781049695571874,166,50.1433735335751,241.6645885286783,2.0,332
3.331789535157916,4.517020412061813,71,0.3862083257914151,1.087962962962963,3.0,213
0.5632962085640858,4.342505371255527,99,0.02478478990881414,0.03773584905660377,0.5353535353535354,53
2.6086117557800597,3.1028309561882104,147,1.515556042280905,3.9367088607594938,2.6462585034013606,389
1.3595612153456682,5.472159004245968,99,0.06331566321453455,0.0967741935483871,1.5454545454545454,153
2.240985724316997,5.092496870858932,111,0.08115365690666915,0.17959183673469387,2.18018018018018,242
1.6499710245403727,1.0015747235004921,56,8.174380277408629,15.397727272727273,0.8571428571428571,48
0.7811193311044512,5.274676508376682,78,0.013489714210180637,0.024390243902439025,0.5256410256410257,41
3.314309692981938,1.1407472865951576,69,24.19992060506498,80.67078189300412,1.3043478260869565,90
3.771850967211142,1.1761440814414275,118,41.5835794116334,156.95343680709536,1.1864406779661016,140
4.010686252345673,5.27909996373935,110,0.7369123693383236,2.896860986547085,4.036363636363636,444
2.849048146740911,5.172672767337271,112,0.24014720314503807,0.5797546012269938,2.8839285714285716,323
4.513541172478514,1.2028263862474626,173,62.720671334961104,276.3421052631579,1.1849710982658959,205
4.982323628449288,3.182311226059737,86,13.436216226636082,60.597051597051596,3.36046511627907,289
1.10555057394786,2.8984370610790426,105,0.14392810387445557,0.09345794392523364,1.019047619047619,107
3.073699324066826,0.9669324729966876,87,29.477396201236008,96.82310469314079,0.9195402298850575,80
4.564639361664066,3.2520275990588137,136,15.291311546119216,69.51815181518151,3.375,459
3.2434469920097664,5.041654519277071,138,0.29784156620752145,0.9184549356223176,3.3768115942028984,466
2.976983013505782,5.158283996315761,81,0.17489518929117964,0.5728155339805825,2.5308641975308643,205
3.6716925418145565,4.461714492121296,64,0.31149327866360754,0.9804878048780488,3.203125,205
3.268020866503018,0.8745411340708811,144,52.720056233006616,176.3582089552239,0.7430555555555556,107
3.1494166473199425,4.310609830953162,133,0.854997517872632,2.7418604651162792,3.218045112781955,428
2.720501321964693,5.298368779598634,90,0.14367680809870348,0.3967611336032389,2.7444444444444445,247
1.1686199370166988,3.893514239792396,176,0.11824513505741957,0.15476190476190477,0.9545454545454546,168
3.3865358109337027,3.6705230055063747,95,0.9175997337877542,2.7240259740259742,3.210526315789474,305
2.0347900055299104,2.1383406506653806,83,6.189891623402703,13.557291666666666,2.0120481927710845,167
0.8631469665338727,2.0493402294417224,140,0.2815442801028003,0.17094017094017094,0.8214285714285714,115
2.2694238881066977,1.8205526731430424,195,21.16222921669383,46.96363636363636,1.8205128205128205,355
2.6211094978925167,3.5727218268519514,193,0.9029203772024994,2.619918699186992,2.5492227979274613,492
4.615154463904753,5.067648116359424,179,0.8843350395130221,3.9864029666254637,4.4692737430167595,800
2.7873038695867303,4.7210589287977225,119,0.25339130181482983,0.7165605095541401,2.630252100840336,313
1.493484070491197,3.7684809461773927,124,0.18220638900311306,0.24210526315789474,1.532258064516129,190
4.405735562051838,5.2555101263543165,148,0.680836450232445,2.8627450980392157,4.425675675675675,655
1.0352236171823743,5.451323262489948,75,0.07402095236979113,0.015151515151515152,0.88,66
2.1596895764922333,4.38673060289466,77,0.13034891290273246,0.18243243243243243,1.9090909090909092,147
3.162046059980442,4.849393557606085,140,0.38304095043350717,1.1412037037037037,3.0714285714285716,430
1.6829652998900873,3.364919711725117,188,0.22964873182665074,0.3729903536977492,1.648936170212766,310
0.8423372049066602,3.4779959557700866,199,0.08363249189410281,0.01910828025477707,0.7889447236180904,157
1.3609371386098663,3.645759754761193,113,0.14895607088418172,0.16058394160583941,1.2035398230088497,136
0.5621824146137526,5.912242831023656,57,0.009256355648286448,0.0,0.5789473684210527,33
1.5550028431406884,0.693470246950276,63,17.26318788147967,25.36082474226804,0.7619047619047619,48
4.874683604056489,1.4718967601490962,106,35.488656694037275,186.30698529411765,1.5754716981132075,167
3.880933018308375,3.0952402704512982,148,10.478662080686332,42.73116438356164,3.277027027027027,485
1.2256515781155584,1.4069842873404166,88,1.3353771105656962,1.2637362637362637,1.0227272727272727,90
3.0682274624234105,5.5388593486663025,158,0.2772112831096709,0.8767676767676768,3.1265822784810124,494
0.5477785595135747,0.8510197019616161,112,0.9341243484395596,0.5576923076923077,0.44642857142857145,50
2.307430242007058,4.706803245424418,199,0.17833830580591978,0.3953488372093023,2.3768844221105527,473
0.516178837437296,2.2110259324084924,134,0.13196479060932037,0.05405405405405406,0.5522388059701493,74
0.5246922666789169,3.423183489781475,135,0.11652077257486226,0.09333333333333334,0.5555555555555556,75
1.52239142504105,3.4319984841114195,146,0.2764909946805413,0.3824884792626728,1.4726027397260273,215
0.6704348302723785,1.835498171141487,138,0.16276735263925393,0.08235294117647059,0.6086956521739131,84
4.082896801526517,1.1456863127925936,90,31.73855658136116,128.80266666666665,1.2555555555555555,113
3.5733366538020124,5.799417652881773,142,0.3001385384621597,1.171259842519685,3.5774647887323945,508
1.0772675904066804,3.258551403478687,102,0.21181856765241167,0.18691588785046728,1.0490196078431373,107
2.601237589280615,0.8016621997281195,56,19.19840979523636,46.97122302158273,0.7321428571428571,41
1.436656425762627,1.2193905693328388,103,9.067932903762788,11.87248322147651,1.1844660194174756,122
0.5223458936209522,3.267693495501472,174,0.04818224489038751,0.010526315789473684,0.5459770114942529,95
3.136987040700807,2.1142243335726225,152,25.592075775942607,87.06187624750498,2.1184210526315788,322
0.8968100177426854,4.297047391343904,139,0.06866235000211586,0.04580152671755725,0.9424460431654677,131
1.4042363807461695,3.0984202431452665,113,0.2999394536548309,0.4067796610169492,1.5309734513274336,173
2.197393976338671,5.428176401444546,188,0.1413316020897538,0.3,1.9680851063829787,370
1.5332132992512344,3.1820791868670737,147,0.22533830929599313,0.3318777292576419,1.5578231292517006,229
3.358450828620706,4.653887560216753,163,0.6144399633742375,1.911231884057971,3.374233128834356,550
4.078334241375484,4.41800851365538,60,1.2123865980152917,5.031128404669261,4.266666666666667,256
1.3195274372232784,3.3862829497647007,103,0.29722017445217574,0.2826086956521739,1.3300970873786409,137
4.930068725986914,0.9370516076396894,159,70.324256599279,331.4134007585335,0.8364779874213837,133
4.830106584695248,3.323648413206509,183,26.56706612813587,130.66556655665568,3.4918032786885247,639
4.376605105362042,5.822138662829339,93,1.1598265350061143,5.293975903614458,4.462365591397849,415
0.6064234543394302,3.844784528633188,182,0.01965061972248716,0.0,0.5274725274725275,96
1.7411498930245215,2.5037951607149855,179,1.0995232090944966,2.0412979351032448,1.888268156424581,338
3.7917629388310052,3.8018739048352397,170,5.826741513776934,20.954692556634303,3.570588235294118,607
3.502870850233779,3.333791261806083,171,2.4092739379763892,9.249569707401033,3.152046783625731,539
2.8838478170292703,3.4281654103519656,134,3.170796899227294,8.663239074550129,2.843283582089552,381
3.523964809157058,5.971117611398389,150,0.2034158277248912,0.6679462571976967,3.473333333333333,521
4.201674733621131,5.935902149160209,179,0.42528064511388686,1.840599455040872,4.083798882681564,731
4.457222855710901,1.926487775210993,61,18.73443709937633,65.22314049586777,1.9836065573770492,121
3.3485179398237745,4.774969515447256,89,0.3839769020899382,1.1672354948805461,3.269662921348315,291
1.5298674885641521,1.287922863436336,141,13.293909232089312,17.762135922330096,1.2340425531914894,174
4.407085452575091,1.3080499872432263,125,44.75219294821456,201.202486678508,1.232,154
1.9164544681089712,4.4663920496359095,75,0.11733126039503482,0.17073170731707318,2.1733333333333333,163
1.9937488313553902,1.2020999019202812,200,52.307800455763875,92.0313315926893,1.07,214
1.2466948099964097,2.1699122568033338,108,0.5599512440459751,0.7049180327868853,1.0833333333333333,117
4.480557700871558,1.1812794001286289,67,20.853531802719466,95.82685512367492,1.208955223880597,81
4.5735790501682185,1.6083843281737424,122,40.000471637078626,172.88172043010752,1.6967213114754098,207
4.235088904021138,2.220119699342819,179,40.43067433129766,180.73812580231066,2.2905027932960893,410
2.80581911836475,5.214780053611201,54,0.17840582028775012,0.375886524822695,2.611111111111111,141
2.1736889429860398,2.129679578270334,107,4.926346906765922,10.774891774891774,1.9158878504672898,205
0.5713613507048363,1.8556907116394514,98,0.24563273390121734,0.10204081632653061,0.47959183673469385,47
0.8673054443002238,5.881906432025009,114,0.07067256188064078,0.10989010989010989,0.7982456140350878,91
4.292763141703405,5.859756428310601,145,0.3276951267918467,1.3133116883116882,4.241379310344827,615
0.7897931337170094,3.8964979118727086,69,0.07667079359946491,0.06896551724137931,0.8405797101449275,58
2.9709750054151844,4.202919310583532,93,0.27620781373689385,0.689795918367347,2.6129032258064515,243
1.6937272962448588,3.167545516477211,155,0.40882110497606,0.7021276595744681,1.8129032258064517,281
3.4817055522841516,1.6695584379033974,69,16.011003735213162,54.18025751072961,1.710144927536232,118
1.4130732182007795,4.659119389765831,87,0.08215346687370828,0.06944444444444445,1.6436781609195403,143
1.91110074904924,4.128442650052601,106,0.2027918991149084,0.36363636363636365,1.7264150943396226,183
2.832021326694759,5.976469895523327,168,0.12249830941474675,0.3142857142857143,2.7083333333333335,455
1.5583014438613196,1.5865890474063167,133,6.273608008585921,9.44390243902439,1.413533834586466,188
4.141219206915982,4.974119278777832,79,0.5116332158074155,1.8888888888888888,4.1645569620253164,329
2.476544982274718,2.0623565170781326,99,9.866973887726191,25.404669260700388,1.9696969696969697,195
0.5971226040471317,5.120306049039845,136,0.01679146071759178,0.011764705882352941,0.625,85
4.62681937711553,5.659323098504461,168,0.6854080682141932,3.161997563946407,4.821428571428571,810
3.0252891111049314,3.076692171832891,53,2.3152828113822745,6.529032258064516,2.849056603773585,151
3.603604230714676,2.296283149220443,200,42.903741191657325,154.35231788079471,2.32,464
3.051912027918558,1.7919921070613736,88,19.390710038644134,62.63573883161512,1.875,165
3.206625244640917,5.595176842833024,173,0.1683975433116642,0.42935779816513764,3.138728323699422,543
0.547140292322803,4.039965325971728,182,0.010552758848236943,0.0,0.6593406593406593,120
4.217058183979193,5.331195271357903,93,0.4323725904311291,1.5518134715025906,4.129032258064516,384
1.0940384670488497,4.1286282957041704,116,0.1168117896447839,0.17054263565891473,1.1120689655172413,129
4.524039586593518,5.731042912972241,154,0.582233300838211,2.5606060606060606,4.714285714285714,726
4.662329583777496,2.4836953008066645,179,39.79803504498381,192.980093676815,2.569832402234637,460
4.72345106024945,5.16162411456943,57,0.6040871575347071,2.5942028985507246,4.842105263157895,276
1.2301300297578137,2.4552965316694726,60,0.21975433274723052,0.2112676056338028,1.15,69
2.216226217340827,4.324514134624094,92,0.19720074831708856,0.3489583333333333,2.0869565217391304,192
1.2900346450709972,3.0574467903640508,108,0.17594661194841207,0.15079365079365079,1.1574074074074074,125
2.128839393237548,4.103470056811118,158,0.26832409798298734,0.5800604229607251,2.088607594936709,330
4.857018277008082,1.611896881814383,67,19.285113911687226,112.0764705882353,1.537313432835821,103
4.319773759368614,5.816649382998114,173,0.4520825298934178,1.9878706199460916,4.289017341040463,742
3.155821753950007,0.610994665410937,69,26.47716534802824,83.0521327014218,0.5652173913043478,39
1.684079766097505,1.9625413413762263,104,3.203056180136231,6.283333333333333,1.5288461538461537,159
2.5967142285565505,2.81290351348321,88,1.7778226341529235,4.28110599078341,2.397727272727273,211
3.480345780441571,2.9201489615443696,130,12.570341921846818,44.379958246346554,2.9923076923076923,389
3.6139921918765454,2.096432749680656,157,29.95724941337704,96.08123791102514,2.1019108280254777,330
4.507970991238498,1.6224674126994874,180,63.49918422032897,285.2089914945322,1.4166666666666667,255
1.3925370551750516,3.6976334267462736,197,0.11304478260491432,0.13565891472868216,1.3096446700507614,258
0.9266830837133422,0.6800999339829719,165,17.628484642236014,17.23076923076923,0.7090909090909091,117
1.145205912497842,2.019297360323741,103,0.7290276360459443,0.8943661971830986,1.3689320388349515,141
4.143440975897279,5.369805137529741,57,0.25842452335000016,0.9747899159663865,4.052631578947368,231
2.9980506137304936,5.92106392468787,61,0.17355513705941686,0.6217616580310881,3.1639344262295084,193
2.928334854204128,2.692028673811259,67,2.05306046619408,5.597989949748744,2.8656716417910446,192
2.2026441458421284,3.9283078559947513,131,0.3489797451954752,0.759581881533101,2.183206106870229,286
4.380098262339482,5.3112014539565395,96,1.8122428832435273,9.004504504504505,4.625,444
2.338944890036085,1.0886640087906638,120,36.25803226883521,82.30685920577618,0.925,111
3.6264253680273044,2.889176933821658,196,17.787086020978737,59.332840236686394,2.877551020408163,564
4.895981623854538,3.7340036925088986,128,17.83143068639454,81.59968847352025,4.0546875,519
3.3231872780979623,2.786509504133375,121,14.684495477390056,47.47848101265823,2.628099173553719,318
4.125664761433672,1.158340264895723,188,70.2372127918102,290.5774111675127,1.0904255319148937,205
2.8800714627921207,5.266222131900887,93,0.2813533148640961,0.9151943462897526,3.032258064516129,282
3.8455602939471776,3.8192765627033145,163,9.25878408805915,33.52931596091205,3.638036809815951,593
